date,Catégorie profil,Total énergie soutirée (MWh),Nb points soutirage
2021-10-20,ENT,422.505029,255047
2021-10-20,PRO,89945.472599,182164517
2021-10-20,RES,292399.755722,1320127157
2021-10-21,ENT,1002.368378,605136
2021-10-21,PRO,216847.118427,430867584
2021-10-21,RES,658639.816592,3127572064
2021-10-22,ENT,1036.617913,605136
2021-10-22,PRO,227168.151983,430889662
2021-10-22,RES,736276.965512,3128007106
2021-10-23,ENT,906.727087,605088
2021-10-23,PRO,205311.533837,430868928
2021-10-23,RES,790128.071221,3127945328
2021-10-24,ENT,982.081588,605040
2021-10-24,PRO,187762.034828,430846368
2021-10-24,RES,839768.014821,3127832052
2021-10-25,ENT,1076.545755,605040
2021-10-25,PRO,217695.220223,430949856
2021-10-25,RES,787278.254954,3128387934
2021-10-26,ENT,1085.598053,605136
2021-10-26,PRO,224325.65497,430993632
2021-10-26,RES,753220.365764,3128560934
2021-10-27,ENT,1085.603803,605376
2021-10-27,PRO,223277.487905,431057376
2021-10-27,RES,756511.762965,3128857662
2021-10-28,ENT,1067.6992520000001,605328
2021-10-28,PRO,225685.624391,431096448
2021-10-28,RES,757956.179094,3129183396
2021-10-29,ENT,1036.17405,605328
2021-10-29,PRO,222543.187913,431130430
2021-10-29,RES,752137.923861,3129748924
2021-10-30,ENT,883.933239,605232
2021-10-30,PRO,200578.073919,431065536
2021-10-30,RES,761204.864683,3129559230
2021-10-31,ENT,977.452003,630450
2021-10-31,PRO,188267.723844,447851288
2021-10-31,RES,790617.631204,3258072066
2021-11-01,ENT,1058.0562380000001,605136
2021-11-01,PRO,186677.529972,431051328
2021-11-01,RES,811173.665618,3128852864
2021-11-02,ENT,1120.792185,605136
2021-11-02,PRO,234528.485029,431129856
2021-11-02,RES,842570.281815,3129247882
2021-11-03,ENT,1144.7894509999999,605040
2021-11-03,PRO,242438.388124,431198976
2021-11-03,RES,887761.268433,3129148830
2021-11-04,ENT,1165.889214,605040
2021-11-04,PRO,253160.012657,431240064
2021-11-04,RES,953133.258115,3129520640
2021-11-05,ENT,1165.711962,604992
2021-11-05,PRO,254832.194135,431258878
2021-11-05,RES,972735.713917,3129884674
2021-11-06,ENT,1007.019642,604944
2021-11-06,PRO,236825.390616,431208864
2021-11-06,RES,1048370.380501,3129805662
2021-11-07,ENT,1077.432088,604896
2021-11-07,PRO,207726.761509,431182560
2021-11-07,RES,1030552.847817,3129740386
2021-11-08,ENT,1177.531508,604944
2021-11-08,PRO,249294.305393,431289504
2021-11-08,RES,968259.429683,3130273282
2021-11-09,ENT,1214.051603,604704
2021-11-09,PRO,265524.152571,431373696
2021-11-09,RES,988967.809679,3130476610
2021-11-10,ENT,1215.636411,604560
2021-11-10,PRO,268023.614344,431398560
2021-11-10,RES,1040117.093719,3130873294
2021-11-11,ENT,1173.444111,599904
2021-11-11,PRO,227231.049779,431353440
2021-11-11,RES,1047389.262926,3130768126
2021-11-12,ENT,1164.698065,600528
2021-11-12,PRO,261406.386496,431396736
2021-11-12,RES,1014743.345643,3131200792
2021-11-13,ENT,986.015918,603504
2021-11-13,PRO,229873.626281,431373504
2021-11-13,RES,955947.670766,3131186008
2021-11-14,ENT,1059.307932,603456
2021-11-14,PRO,204478.787996,431351712
2021-11-14,RES,958436.187587,3131111808
2021-11-15,ENT,1165.640639,603504
2021-11-15,PRO,256756.927296,431432160
2021-11-15,RES,981251.019627,3131602080
2021-11-16,ENT,1214.374259,603792
2021-11-16,PRO,271123.919622,431466432
2021-11-16,RES,992987.383176,3131555904
2021-11-17,ENT,1193.33026,603888
2021-11-17,PRO,264586.298585,431493504
2021-11-17,RES,1002389.986416,3131847544
2021-11-18,ENT,1207.716784,603648
2021-11-18,PRO,271165.848488,431542560
2021-11-18,RES,1001992.702275,3132193438
2021-11-19,ENT,1180.902393,603552
2021-11-19,PRO,272119.401282,431585182
2021-11-19,RES,1017920.71872,3132541342
2021-11-20,ENT,1022.472174,603504
2021-11-20,PRO,248845.169377,431535648
2021-11-20,RES,1084132.552402,3132554684
2021-11-21,ENT,1130.308094,603504
2021-11-21,PRO,227273.380181,431511552
2021-11-21,RES,1131337.549133,3132465504
2021-11-22,ENT,1231.6439149999999,603504
2021-11-22,PRO,277915.764033,431598816
2021-11-22,RES,1126210.519184,3132909796
2021-11-23,ENT,1275.362471,603600
2021-11-23,PRO,294934.929153,431646912
2021-11-23,RES,1155930.427329,3132943926
2021-11-24,ENT,1277.612249,603696
2021-11-24,PRO,292447.257878,431682912
2021-11-24,RES,1174031.723781,3133236948
2021-11-25,ENT,1296.97548,603744
2021-11-25,PRO,302325.337073,431736000
2021-11-25,RES,1192843.24468,3133630888
2021-11-26,ENT,1253.495369,603840
2021-11-26,PRO,305156.047518,431778816
2021-11-26,RES,1219322.450082,3134022478
2021-11-27,ENT,1079.631595,603792
2021-11-27,PRO,279595.90197,431757792
2021-11-27,RES,1299075.024376,3134081252
2021-11-28,ENT,1195.188338,603792
2021-11-28,PRO,258498.302082,431737248
2021-11-28,RES,1367486.907519,3134001694
2021-11-29,ENT,1308.643922,603936
2021-11-29,PRO,310733.224597,431832192
2021-11-29,RES,1343984.604172,3134451456
2021-11-30,ENT,1317.106329,603984
2021-11-30,PRO,322244.966692,431897088
2021-11-30,RES,1322110.735506,3134666204
2021-12-01,ENT,1311.338626,603600
2021-12-01,PRO,300209.885969,431893728
2021-12-01,RES,1206565.452905,3134280720
2021-12-02,ENT,1335.016021,603648
2021-12-02,PRO,314245.425399,431920896
2021-12-02,RES,1240462.137319,3134182876
2021-12-03,ENT,1312.157817,603648
2021-12-03,PRO,322346.395642,431963520
2021-12-03,RES,1315696.857212,3134731630
2021-12-04,ENT,1090.451473,603600
2021-12-04,PRO,273869.55916,431929056
2021-12-04,RES,1213286.216494,3134762832
2021-12-05,ENT,1203.873647,603600
2021-12-05,PRO,258741.278364,431906496
2021-12-05,RES,1307128.938152,3134704176
2021-12-06,ENT,1310.097312,603552
2021-12-06,PRO,302769.041333,431982816
2021-12-06,RES,1257814.693221,3135152448
2021-12-07,ENT,1313.879732,603552
2021-12-07,PRO,316238.014837,432068928
2021-12-07,RES,1242818.490225,3135231168
2021-12-08,ENT,1310.412519,603696
2021-12-08,PRO,312948.324336,432103008
2021-12-08,RES,1258687.016493,3135455712
2021-12-09,ENT,1326.865837,603648
2021-12-09,PRO,322836.936094,432158592
2021-12-09,RES,1298252.983373,3135742368
2021-12-10,ENT,1283.1253239999999,603744
2021-12-10,PRO,319520.842035,432197184
2021-12-10,RES,1281384.01188,3136099534
2021-12-11,ENT,1099.861019,603648
2021-12-11,PRO,286080.382316,432133440
2021-12-11,RES,1310886.19899,3136040584
2021-12-12,ENT,1174.770879,603552
2021-12-12,PRO,251776.005885,432102816
2021-12-12,RES,1248120.416492,3135999600
2021-12-13,ENT,1257.639832,603600
2021-12-13,PRO,292748.37018,432191328
2021-12-13,RES,1178371.476053,3136481808
2021-12-14,ENT,1292.470362,603674
2021-12-14,PRO,309513.074852,432231456
2021-12-14,RES,1204967.48184,3136657680
2021-12-15,ENT,1286.964734,603840
2021-12-15,PRO,307365.107994,432271440
2021-12-15,RES,1227862.104492,3137050704
2021-12-16,ENT,1299.523046,603936
2021-12-16,PRO,311338.820825,432286320
2021-12-16,RES,1215518.951832,3137103984
2021-12-17,ENT,1263.764371,603936
2021-12-17,PRO,312168.940252,432302544
2021-12-17,RES,1243901.774773,3137500368
2021-12-18,ENT,1108.101043,603936
2021-12-18,PRO,281655.846612,432264816
2021-12-18,RES,1295388.626617,3137393904
2021-12-19,ENT,1219.956682,603936
2021-12-19,PRO,263732.061653,432236592
2021-12-19,RES,1356785.811369,3137222350
2021-12-20,ENT,1310.68555,604080
2021-12-20,PRO,308963.226269,432311952
2021-12-20,RES,1368734.00683,3137690540
2021-12-21,ENT,1360.92694,604154
2021-12-21,PRO,327101.195612,432350064
2021-12-21,RES,1427598.897418,3137508720
2021-12-22,ENT,1380.473416,604080
2021-12-22,PRO,334004.152521,432370320
2021-12-22,RES,1510178.911028,3137568802
2021-12-23,ENT,1351.124192,604128
2021-12-23,PRO,314282.337415,432383088
2021-12-23,RES,1396865.653766,3137563052
2021-12-24,ENT,1259.305641,604032
2021-12-24,PRO,269322.232408,432375024
2021-12-24,RES,1250014.299615,3137496286
2021-12-25,ENT,1062.616626,603936
2021-12-25,PRO,224600.503102,432339408
2021-12-25,RES,1152866.244297,3137212800
2021-12-26,ENT,1137.245865,603936
2021-12-26,PRO,223654.484818,432330864
2021-12-26,RES,1116003.614358,3137151168
2021-12-27,ENT,1180.112519,603936
2021-12-27,PRO,250394.420019,432360912
2021-12-27,RES,1104459.811951,3137580288
2021-12-28,ENT,1172.116662,603962
2021-12-28,PRO,256070.905116,432358704
2021-12-28,RES,1063418.115948,3137737342
2021-12-29,ENT,1135.825862,603936
2021-12-29,PRO,247522.901218,432351120
2021-12-29,RES,1002036.644877,3137834302
2021-12-30,ENT,1126.334351,603888
2021-12-30,PRO,238548.557653,432351408
2021-12-30,RES,932606.019262,3137827726
2021-12-31,ENT,1111.783506,603600
2021-12-31,PRO,235121.691376,432033840
2021-12-31,RES,1009526.013646,3137680078
2022-01-01,ENT,985.41933,602976
2022-01-01,PRO,209625.416052,432353808
2022-01-01,RES,1022127.173225,3136624296
2022-01-02,ENT,1066.731668,602736
2022-01-02,PRO,211954.346374,432299760
2022-01-02,RES,1046845.236863,3136426446
2022-01-03,ENT,1143.759335,602688
2022-01-03,PRO,258550.743943,432387408
2022-01-03,RES,1018618.011986,3137002152
2022-01-04,ENT,1183.412385,602688
2022-01-04,PRO,277106.612435,432422448
2022-01-04,RES,1042040.263113,3137133356
2022-01-05,ENT,1242.7679309999999,602784
2022-01-05,PRO,294841.874026,432427104
2022-01-05,RES,1211222.647845,3137418468
2022-01-06,ENT,1309.830948,602736
2022-01-06,PRO,313364.717575,432438720
2022-01-06,RES,1308146.171196,3137606178
2022-01-07,ENT,1280.999574,602688
2022-01-07,PRO,313763.189642,432442272
2022-01-07,RES,1319379.579863,3138027188
2022-01-08,ENT,1105.679326,602592
2022-01-08,PRO,275835.632928,432388224
2022-01-08,RES,1295701.923864,3138061662
2022-01-09,ENT,1188.587536,602496
2022-01-09,PRO,250613.660027,432360480
2022-01-09,RES,1292448.667387,3137984302
2022-01-10,ENT,1284.513849,602496
2022-01-10,PRO,297480.277361,432444480
2022-01-10,RES,1250315.849658,3138436958
2022-01-11,ENT,1343.990296,602448
2022-01-11,PRO,316175.816058,432457440
2022-01-11,RES,1285149.907461,3138586868
2022-01-12,ENT,1358.74834,602448
2022-01-12,PRO,320617.956634,432495312
2022-01-12,RES,1361873.991562,3138774820
2022-01-13,ENT,1392.281244,602400
2022-01-13,PRO,329047.987202,432534864
2022-01-13,RES,1400625.202167,3138991792
2022-01-14,ENT,1370.082811,602352
2022-01-14,PRO,333970.493215,432573552
2022-01-14,RES,1441905.960217,3139415106
2022-01-15,ENT,1201.998714,602304
2022-01-15,PRO,304539.465493,432526224
2022-01-15,RES,1511203.673341,3139419408
2022-01-16,ENT,1290.202688,602304
2022-01-16,PRO,278090.961753,432486768
2022-01-16,RES,1521992.561692,3139214056
2022-01-17,ENT,1380.230345,602304
2022-01-17,PRO,315807.572273,432573168
2022-01-17,RES,1388531.40227,3139626350
2022-01-18,ENT,1398.428132,602352
2022-01-18,PRO,327992.831022,432597456
2022-01-18,RES,1366783.244188,3139705266
2022-01-19,ENT,1375.100832,602352
2022-01-19,PRO,320570.451229,432625968
2022-01-19,RES,1368471.647402,3139983474
2022-01-20,ENT,1369.710832,602304
2022-01-20,PRO,321091.942465,432664272
2022-01-20,RES,1329936.362413,3140262754
2022-01-21,ENT,1344.232643,602208
2022-01-21,PRO,326760.935616,432680880
2022-01-21,RES,1390726.260684,3140586852
2022-01-22,ENT,1160.574923,602160
2022-01-22,PRO,296392.758691,432640944
2022-01-22,RES,1443378.595567,3140567644
2022-01-23,ENT,1260.401033,602160
2022-01-23,PRO,267727.616028,432613584
2022-01-23,RES,1438152.131401,3140529360
2022-01-24,ENT,1398.007822,602064
2022-01-24,PRO,316032.877718,432692880
2022-01-24,RES,1404807.759019,3140948530
2022-01-25,ENT,1448.468992,602160
2022-01-25,PRO,336855.108058,432746448
2022-01-25,RES,1439502.652759,3141007914
2022-01-26,ENT,1436.005051,602016
2022-01-26,PRO,334471.76046,432770544
2022-01-26,RES,1462366.383007,3141157854
2022-01-27,ENT,1431.255659,602064
2022-01-27,PRO,335834.654703,432806448
2022-01-27,RES,1432600.124552,3141387778
2022-01-28,ENT,1364.33784,602160
2022-01-28,PRO,324198.046373,432860256
2022-01-28,RES,1368696.598372,3141825258
2022-01-29,ENT,1145.345856,602160
2022-01-29,PRO,286069.223704,432809568
2022-01-29,RES,1341084.691443,3141778218
2022-01-30,ENT,1213.284784,602160
2022-01-30,PRO,251678.36178,432762620
2022-01-30,RES,1286333.615626,3141620608
2022-01-31,ENT,1326.461495,602112
2022-01-31,PRO,297628.431209,432831648
2022-01-31,RES,1257031.017282,3141981738
2022-02-01,ENT,1310.123165,602064
2022-02-01,PRO,314446.038074,432768864
2022-02-01,RES,1271611.878365,3141449226
2022-02-02,ENT,1258.997169,601872
2022-02-02,PRO,290299.665914,432758304
2022-02-02,RES,1152073.112075,3141401516
2022-02-03,ENT,1268.39091,601776
2022-02-03,PRO,295381.642706,432802944
2022-02-03,RES,1147123.240698,3141576134
2022-02-04,ENT,1221.587102,601680
2022-02-04,PRO,292036.633579,432831072
2022-02-04,RES,1143534.551131,3141997290
2022-02-05,ENT,1059.523361,601488
2022-02-05,PRO,266655.99111,432779708
2022-02-05,RES,1201956.940544,3141967622
2022-02-06,ENT,1146.408778,601488
2022-02-06,PRO,242953.354848,432750912
2022-02-06,RES,1239248.753256,3141869966
2022-02-07,ENT,1238.895897,601488
2022-02-07,PRO,274415.578745,432873696
2022-02-07,RES,1119827.920409,3142286448
2022-02-08,ENT,1263.25816,601488
2022-02-08,PRO,288178.760829,432924000
2022-02-08,RES,1128278.821901,3142302764
2022-02-09,ENT,1252.094033,601296
2022-02-09,PRO,283252.906475,432963648
2022-02-09,RES,1129214.235524,3142468022
2022-02-10,ENT,1247.89187,601248
2022-02-10,PRO,284303.942108,432996768
2022-02-10,RES,1112583.985718,3142700180
2022-02-11,ENT,1233.243359,601296
2022-02-11,PRO,288569.763553,433023552
2022-02-11,RES,1155242.265127,3143029360
2022-02-12,ENT,1081.089585,601248
2022-02-12,PRO,270578.177314,432991200
2022-02-12,RES,1260153.870804,3143028902
2022-02-13,ENT,1151.034711,601248
2022-02-13,PRO,239832.521858,432955488
2022-02-13,RES,1235549.936252,3142942116
2022-02-14,ENT,1238.294553,601440
2022-02-14,PRO,272036.079443,433045248
2022-02-14,RES,1109705.592545,3143350116
2022-02-15,ENT,1255.500392,601536
2022-02-15,PRO,286812.342757,433075104
2022-02-15,RES,1139496.644035,3143442912
2022-02-16,ENT,1208.815829,601440
2022-02-16,PRO,273937.001599,433098336
2022-02-16,RES,1074188.955696,3143528832
2022-02-17,ENT,1169.668287,601584
2022-02-17,PRO,259676.101869,433131840
2022-02-17,RES,964580.860093,3143725678
2022-02-18,ENT,1131.060462,601728
2022-02-18,PRO,259293.181689,433153536
2022-02-18,RES,976945.373756,3144117016
2022-02-19,ENT,1001.664595,601680
2022-02-19,PRO,247309.868281,433107264
2022-02-19,RES,1095472.194832,3144020638
2022-02-20,ENT,1074.444086,601680
2022-02-20,PRO,221017.245143,433083264
2022-02-20,RES,1093159.889546,3143940824
2022-02-21,ENT,1177.859688,601728
2022-02-21,PRO,264176.742904,433166592
2022-02-21,RES,1077227.736402,3144328320
2022-02-22,ENT,1192.50098,601824
2022-02-22,PRO,272674.19486,433221312
2022-02-22,RES,1046393.671668,3144353854
2022-02-23,ENT,1185.876708,601728
2022-02-23,PRO,262215.69254,433253184
2022-02-23,RES,1014590.355414,3144525408
2022-02-24,ENT,1193.393126,601680
2022-02-24,PRO,268311.864084,433277280
2022-02-24,RES,1030800.127334,3144741502
2022-02-25,ENT,1183.58575,601728
2022-02-25,PRO,274814.152574,433281744
2022-02-25,RES,1098546.666131,3145147172
2022-02-26,ENT,1034.374039,601536
2022-02-26,PRO,254720.495275,433230384
2022-02-26,RES,1160210.218092,3145018844
2022-02-27,ENT,1126.897543,601536
2022-02-27,PRO,231619.469642,433197936
2022-02-27,RES,1181580.528547,3144828656
2022-02-28,ENT,1218.46908,601536
2022-02-28,PRO,264266.389786,433306992
2022-02-28,RES,1095837.17124,3145206960
2022-03-01,ENT,1211.700477,601488
2022-03-01,PRO,272271.95202,433302768
2022-03-01,RES,1053392.595686,3144384046
2022-03-02,ENT,1193.72956,601392
2022-03-02,PRO,265856.424311,433309104
2022-03-02,RES,1036146.928938,3144034608
2022-03-03,ENT,1185.372176,601392
2022-03-03,PRO,263649.511543,433317456
2022-03-03,RES,988294.991466,3144163342
2022-03-04,ENT,1149.290358,599952
2022-03-04,PRO,263224.97534,433340496
2022-03-04,RES,1002960.485911,3144474128
2022-03-05,ENT,1000.683463,599904
2022-03-05,PRO,245234.057465,433289616
2022-03-05,RES,1089726.989465,3144466748
2022-03-06,ENT,1108.467798,599904
2022-03-06,PRO,228617.104297,433260624
2022-03-06,RES,1162167.54545,3144358264
2022-03-07,ENT,1223.2370389999999,599856
2022-03-07,PRO,278014.926233,433326000
2022-03-07,RES,1182318.285753,3144744372
2022-03-08,ENT,1237.567565,600048
2022-03-08,PRO,285569.129578,433353168
2022-03-08,RES,1142855.757496,3144720718
2022-03-09,ENT,1196.726448,599904
2022-03-09,PRO,266023.989178,433388688
2022-03-09,RES,1046357.124476,3144839328
2022-03-10,ENT,1173.246954,600000
2022-03-10,PRO,259879.592368,433424880
2022-03-10,RES,967652.868071,3144998398
2022-03-11,ENT,1125.343714,599856
2022-03-11,PRO,258902.525149,433445856
2022-03-11,RES,965196.196611,3145250484
2022-03-12,ENT,963.025105,599760
2022-03-12,PRO,235560.420496,433399200
2022-03-12,RES,1014067.886821,3145241564
2022-03-13,ENT,1055.887506,599760
2022-03-13,PRO,214205.210512,433372992
2022-03-13,RES,1055698.693074,3145177824
2022-03-14,ENT,1127.789235,599808
2022-03-14,PRO,249156.438904,433445472
2022-03-14,RES,989983.166493,3145576560
2022-03-15,ENT,1132.281852,599712
2022-03-15,PRO,252838.18839,433486944
2022-03-15,RES,909370.016309,3145739568
2022-03-16,ENT,1112.943382,599712
2022-03-16,PRO,245857.543616,433502592
2022-03-16,RES,907034.490968,3145745520
2022-03-17,ENT,1127.634861,599760
2022-03-17,PRO,255090.818704,433532160
2022-03-17,RES,927796.583571,3145845888
2022-03-18,ENT,1097.045263,599568
2022-03-18,PRO,256070.141941,433605024
2022-03-18,RES,957727.931216,3146219376
2022-03-19,ENT,927.15968,599568
2022-03-19,PRO,223772.631777,433557504
2022-03-19,RES,944158.590495,3146206704
2022-03-20,ENT,1014.835201,599424
2022-03-20,PRO,201062.474351,433533696
2022-03-20,RES,963937.014615,3146145264
2022-03-21,ENT,1070.110586,599472
2022-03-21,PRO,227458.133951,433602720
2022-03-21,RES,864847.28861,3146515824
2022-03-22,ENT,1100.081087,599424
2022-03-22,PRO,233132.231287,433650624
2022-03-22,RES,822797.737656,3146496672
2022-03-23,ENT,1092.448586,599280
2022-03-23,PRO,228490.244109,433683648
2022-03-23,RES,832928.35077,3146647004
2022-03-24,ENT,1087.714464,599760
2022-03-24,PRO,229559.246254,433717056
2022-03-24,RES,811577.039155,3146779484
2022-03-25,ENT,1043.095934,599760
2022-03-25,PRO,224513.110261,433751328
2022-03-25,RES,783551.956384,3147106272
2022-03-26,ENT,884.735046,599712
2022-03-26,PRO,199918.449671,433699104
2022-03-26,RES,786621.159156,3147065856
2022-03-27,ENT,911.506686,574678
2022-03-27,PRO,169276.905845,415607976
2022-03-27,RES,743413.08507,3015829368
2022-03-28,ENT,1004.216741,599664
2022-03-28,PRO,206442.117925,433760232
2022-03-28,RES,722690.889655,3147224174
2022-03-29,ENT,1038.30556,599760
2022-03-29,PRO,216718.978891,433802208
2022-03-29,RES,714430.796865,3147258000
2022-03-30,ENT,1061.309893,599712
2022-03-30,PRO,223582.786473,433825248
2022-03-30,RES,783200.182196,3147390864
2022-03-31,ENT,1116.006364,599712
2022-03-31,PRO,245474.952614,433838112
2022-03-31,RES,882049.549968,3147520944
2022-04-01,ENT,1140.792496,599568
2022-04-01,PRO,277139.461421,433817664
2022-04-01,RES,1112629.683349,3147357904
2022-04-02,ENT,1009.748453,599568
2022-04-02,PRO,257550.388486,433714752
2022-04-02,RES,1218861.06338,3146846728
2022-04-03,ENT,1106.220484,599568
2022-04-03,PRO,231853.119926,433676400
2022-04-03,RES,1232056.964232,3146727092
2022-04-04,ENT,1144.644806,599664
2022-04-04,PRO,265885.407314,433765584
2022-04-04,RES,1132162.727854,3147175424
2022-04-05,ENT,1164.459373,599712
2022-04-05,PRO,261605.769312,433805136
2022-04-05,RES,996705.113099,3146910860
2022-04-06,ENT,1127.1817409999999,599616
2022-04-06,PRO,247311.781736,433822800
2022-04-06,RES,941345.940487,3147014480
2022-04-07,ENT,1098.883611,599664
2022-04-07,PRO,245346.349569,433853808
2022-04-07,RES,886124.17614,3147128760
2022-04-08,ENT,1065.531285,599616
2022-04-08,PRO,247968.91095,433870128
2022-04-08,RES,898840.034246,3147421764
2022-04-09,ENT,937.528117,599616
2022-04-09,PRO,227388.575988,433823664
2022-04-09,RES,966592.992177,3147370208
2022-04-10,ENT,1017.435778,599568
2022-04-10,PRO,202622.341605,433790544
2022-04-10,RES,959473.544749,3147277468
2022-04-11,ENT,1030.245443,599568
2022-04-11,PRO,219425.220382,433876416
2022-04-11,RES,832890.408143,3147642220
2022-04-12,ENT,1018.1429390000001,599664
2022-04-12,PRO,216776.699797,433940736
2022-04-12,RES,737595.062494,3147454820
2022-04-13,ENT,1004.185297,599616
2022-04-13,PRO,211641.699394,433991808
2022-04-13,RES,717843.763262,3147611984
2022-04-14,ENT,994.701304,599616
2022-04-14,PRO,205748.219104,434021568
2022-04-14,RES,665261.004608,3147848588
2022-04-15,ENT,958.636627,599664
2022-04-15,PRO,198768.107832,434056416
2022-04-15,RES,627710.265537,3148164172
2022-04-16,ENT,821.062131,599664
2022-04-16,PRO,178882.840456,433993844
2022-04-16,RES,624060.318957,3147883716
2022-04-17,ENT,885.744956,599616
2022-04-17,PRO,160872.236242,433970110
2022-04-17,RES,628323.735368,3147743168
2022-04-18,ENT,936.694187,599616
2022-04-18,PRO,160631.972593,433978184
2022-04-18,RES,641330.302495,3147737944
2022-04-19,ENT,988.305683,599568
2022-04-19,PRO,198380.222178,434024160
2022-04-19,RES,645798.336412,3148060806
2022-04-20,ENT,988.450577,599712
2022-04-20,PRO,201037.595776,434064864
2022-04-20,RES,672424.667796,3148236652
2022-04-21,ENT,1001.49766,599856
2022-04-21,PRO,201959.884695,434090592
2022-04-21,RES,661718.582251,3148255284
2022-04-22,ENT,986.048187,599856
2022-04-22,PRO,197605.581265,434116512
2022-04-22,RES,641582.906087,3148437488
2022-04-23,ENT,860.279792,599664
2022-04-23,PRO,181116.099835,434058720
2022-04-23,RES,683682.509524,3148311712
2022-04-24,ENT,914.606294,599712
2022-04-24,PRO,165411.944004,434031648
2022-04-24,RES,716344.814227,3148195068
2022-04-25,ENT,964.66326,599760
2022-04-25,PRO,193448.59348,434096448
2022-04-25,RES,679499.177823,3148601750
2022-04-26,ENT,1002.082323,599760
2022-04-26,PRO,201134.771165,434133888
2022-04-26,RES,659374.338173,3148580000
2022-04-27,ENT,993.742833,599712
2022-04-27,PRO,196949.220372,434167200
2022-04-27,RES,649022.431263,3148563280
2022-04-28,ENT,999.239763,599904
2022-04-28,PRO,196793.562216,434206272
2022-04-28,RES,621706.831506,3148449540
2022-04-29,ENT,982.853746,599664
2022-04-29,PRO,194733.708839,434227296
2022-04-29,RES,609224.95572,3148473836
2022-04-30,ENT,860.472002,599328
2022-04-30,PRO,177630.856829,434173536
2022-04-30,RES,632650.505881,3147971358
2022-05-01,ENT,892.028141,600336
2022-05-01,PRO,157265.353645,434082528
2022-05-01,RES,654980.195814,3147093834
2022-05-02,ENT,925.949617,601056
2022-05-02,PRO,182007.04246,434185056
2022-05-02,RES,614816.619732,3147337576
2022-05-03,ENT,959.59431,601200
2022-05-03,PRO,191201.907584,434205408
2022-05-03,RES,589905.265714,3147036236
2022-05-04,ENT,958.29595,601008
2022-05-04,PRO,190139.013985,434227776
2022-05-04,RES,598294.589578,3147146444
2022-05-05,ENT,975.306502,601008
2022-05-05,PRO,193356.519663,434267136
2022-05-05,RES,591388.953933,3147109772
2022-05-06,ENT,962.829758,601152
2022-05-06,PRO,192332.581148,434292288
2022-05-06,RES,587408.155713,3147430508
2022-05-07,ENT,826.8824579999999,601104
2022-05-07,PRO,171856.24684100001,434268384
2022-05-07,RES,590103.081962,3147256988
2022-05-08,ENT,863.695652,601056
2022-05-08,PRO,151375.329598,434243808
2022-05-08,RES,596274.934043,3147061624
2022-05-09,ENT,926.298012,601008
2022-05-09,PRO,175953.644258,434339520
2022-05-09,RES,553435.760283,3147479904
2022-05-10,ENT,945.389612,601008
2022-05-10,PRO,183459.435068,434397600
2022-05-10,RES,527238.534247,3147412944
2022-05-11,ENT,939.573634,601008
2022-05-11,PRO,181240.646491,434434080
2022-05-11,RES,532275.735923,3147341328
2022-05-12,ENT,940.6585729999999,601008
2022-05-12,PRO,183420.170564,434479776
2022-05-12,RES,524601.96831,3147440112
2022-05-13,ENT,946.484434,600960
2022-05-13,PRO,184156.570644,434518656
2022-05-13,RES,526491.288318,3147543212
2022-05-14,ENT,841.513639,600864
2022-05-14,PRO,167033.503506,434462112
2022-05-14,RES,546119.484145,3147453408
2022-05-15,ENT,872.316788,600864
2022-05-15,PRO,146872.401173,434435616
2022-05-15,RES,554064.538021,3147327360
2022-05-16,ENT,911.064335,600912
2022-05-16,PRO,172461.675448,434533056
2022-05-16,RES,524789.308781,3147704448
2022-05-17,ENT,953.754897,600960
2022-05-17,PRO,184480.87334,434578848
2022-05-17,RES,512894.439432,3147559104
2022-05-18,ENT,950.035517,600960
2022-05-18,PRO,184950.430058,434616576
2022-05-18,RES,526211.819469,3147692348
2022-05-19,ENT,945.768039,600912
2022-05-19,PRO,188802.177293,434651712
2022-05-19,RES,515160.765436,3147827708
2022-05-20,ENT,941.912684,600864
2022-05-20,PRO,188865.118168,434703456
2022-05-20,RES,519749.271542,3148156800
2022-05-21,ENT,835.326475,600720
2022-05-21,PRO,169297.213189,434649888
2022-05-21,RES,537040.31838,3148058592
2022-05-22,ENT,873.742466,600720
2022-05-22,PRO,147348.00519,434621568
2022-05-22,RES,556203.339596,3147939408
2022-05-23,ENT,918.597773,600816
2022-05-23,PRO,172476.96912,434698176
2022-05-23,RES,531739.745532,3148378508
2022-05-24,ENT,964.065976,600768
2022-05-24,PRO,179715.967511,434752224
2022-05-24,RES,525244.649451,3148453296
2022-05-25,ENT,961.947581,600720
2022-05-25,PRO,177573.551314,434773536
2022-05-25,RES,537878.517342,3148584720
2022-05-26,ENT,943.1119620000001,600672
2022-05-26,PRO,150493.743893,434727072
2022-05-26,RES,550467.342113,3148365168
2022-05-27,ENT,828.857703,600624
2022-05-27,PRO,171522.976101,434739072
2022-05-27,RES,534940.705633,3148562064
2022-05-28,ENT,826.981287,600672
2022-05-28,PRO,164076.103691,434716320
2022-05-28,RES,540179.764665,3148411920
2022-05-29,ENT,881.564093,600672
2022-05-29,PRO,145379.269178,434697408
2022-05-29,RES,562910.54777,3148173072
2022-05-30,ENT,964.1177289999999,600768
2022-05-30,PRO,170664.881882,434767488
2022-05-30,RES,549567.763332,3148554672
2022-05-31,ENT,1009.557858,600768
2022-05-31,PRO,181181.271151,434810208
2022-05-31,RES,534353.928146,3148420512
2022-06-01,ENT,933.144643,600912
2022-06-01,PRO,180218.508185,434796192
2022-06-01,RES,539706.544032,3147378240
2022-06-02,ENT,926.524105,600816
2022-06-02,PRO,184378.729571,434806176
2022-06-02,RES,525389.429896,3146933660
2022-06-03,ENT,917.782305,600672
2022-06-03,PRO,186203.531658,434861280
2022-06-03,RES,523936.871067,3147084480
2022-06-04,ENT,804.577538,600576
2022-06-04,PRO,168082.111853,434827680
2022-06-04,RES,538113.780331,3146911968
2022-06-05,ENT,844.268952,600432
2022-06-05,PRO,145561.234868,434799072
2022-06-05,RES,545629.613616,3146799552
2022-06-06,ENT,888.39804,600432
2022-06-06,PRO,146123.945978,434804064
2022-06-06,RES,555467.631991,3146805024
2022-06-07,ENT,940.3997889999999,600624
2022-06-07,PRO,180973.635022,434877264
2022-06-07,RES,523838.021889,3146992176
2022-06-08,ENT,943.527709,600624
2022-06-08,PRO,179590.814011,434940432
2022-06-08,RES,531190.273873,3147162384
2022-06-09,ENT,933.032659,600672
2022-06-09,PRO,180935.247738,434964528
2022-06-09,RES,521196.993999,3147181776
2022-06-10,ENT,936.165286,600576
2022-06-10,PRO,183428.186742,434998608
2022-06-10,RES,520893.526485,3147317136
2022-06-11,ENT,836.802035,600576
2022-06-11,PRO,166984.936605,434959344
2022-06-11,RES,537579.280029,3147049296
2022-06-12,ENT,876.27516,600576
2022-06-12,PRO,146881.373695,434927088
2022-06-12,RES,552978.664407,3146792304
2022-06-13,ENT,937.235343,600576
2022-06-13,PRO,175004.352639,434982960
2022-06-13,RES,535569.040646,3147122544
2022-06-14,ENT,985.672711,600384
2022-06-14,PRO,187454.647289,435019824
2022-06-14,RES,527547.690332,3147130848
2022-06-15,ENT,986.271499,600528
2022-06-15,PRO,190420.02589,435085776
2022-06-15,RES,541206.239699,3147291168
2022-06-16,ENT,993.1144830000001,600480
2022-06-16,PRO,197047.898691,435104688
2022-06-16,RES,540471.639987,3147211008
2022-06-17,ENT,969.095687,600480
2022-06-17,PRO,201496.730432,435173712
2022-06-17,RES,556043.191125,3147254688
2022-06-18,ENT,852.310471,600288
2022-06-18,PRO,182149.848165,435140496
2022-06-18,RES,580331.060557,3147170592
2022-06-19,ENT,903.8111289999999,600288
2022-06-19,PRO,155272.230008,435104496
2022-06-19,RES,584996.596647,3146989344
2022-06-20,ENT,951.343529,600384
2022-06-20,PRO,181516.393369,435204816
2022-06-20,RES,549043.410767,3147400896
2022-06-21,ENT,1001.0383850000001,600528
2022-06-21,PRO,191181.549985,435265104
2022-06-21,RES,527681.685644,3147373776
2022-06-22,ENT,999.387513,600528
2022-06-22,PRO,187192.88225,435285168
2022-06-22,RES,532780.141751,3147363312
2022-06-23,ENT,1001.965215,600480
2022-06-23,PRO,188514.92805,435331824
2022-06-23,RES,522155.703151,3147391152
2022-06-24,ENT,983.519744,600576
2022-06-24,PRO,186074.59541,435383376
2022-06-24,RES,519465.292072,3147664176
2022-06-25,ENT,871.721087,600432
2022-06-25,PRO,165227.548378,435322704
2022-06-25,RES,537568.571969,3147539760
2022-06-26,ENT,929.346436,600432
2022-06-26,PRO,144895.769337,435294768
2022-06-26,RES,556327.591126,3147295056
2022-06-27,ENT,986.270753,600480
2022-06-27,PRO,171414.172113,435388944
2022-06-27,RES,533192.883507,3147697296
2022-06-28,ENT,1020.592344,600480
2022-06-28,PRO,180252.272495,435427632
2022-06-28,RES,519501.826139,3147325776
2022-06-29,ENT,1027.192041,600384
2022-06-29,PRO,180219.011277,435452880
2022-06-29,RES,528252.147351,3147336528
2022-06-30,ENT,1022.677751,600336
2022-06-30,PRO,183435.976968,435480528
2022-06-30,RES,528463.687879,3147289584
2022-07-01,ENT,1009.519809,599664
2022-07-01,PRO,183026.955068,435207312
2022-07-01,RES,525092.825226,3146438486
2022-07-02,ENT,910.986132,599568
2022-07-02,PRO,167835.106695,435093552
2022-07-02,RES,538698.209271,3145020568
2022-07-03,ENT,937.8996099999999,599520
2022-07-03,PRO,148303.958478,435068400
2022-07-03,RES,552020.227503,3144721236
2022-07-04,ENT,1032.742275,599472
2022-07-04,PRO,177674.409319,435159120
2022-07-04,RES,536133.154738,3145191444
2022-07-05,ENT,1062.769801,599616
2022-07-05,PRO,190244.867665,435195888
2022-07-05,RES,528520.188978,3144777924
2022-07-06,ENT,1063.073262,599568
2022-07-06,PRO,188796.299765,435218736
2022-07-06,RES,534524.133588,3144695708
2022-07-07,ENT,1057.829762,599376
2022-07-07,PRO,191235.266326,435267888
2022-07-07,RES,529066.5036770001,3144617944
2022-07-08,ENT,1039.851815,599280
2022-07-08,PRO,191743.088297,435321552
2022-07-08,RES,532235.972189,3144874928
2022-07-09,ENT,927.741409,599184
2022-07-09,PRO,175134.706464,435250224
2022-07-09,RES,543384.223993,3144656428
2022-07-10,ENT,955.438853,599136
2022-07-10,PRO,154644.725203,435216240
2022-07-10,RES,552368.819504,3144479584
2022-07-11,ENT,1054.777176,599184
2022-07-11,PRO,184846.980909,435307152
2022-07-11,RES,539389.320382,3144933262
2022-07-12,ENT,1082.282999,599232
2022-07-12,PRO,199858.215836,435345840
2022-07-12,RES,539799.385055,3144842760
2022-07-13,ENT,1080.716599,599328
2022-07-13,PRO,201830.297056,435385680
2022-07-13,RES,544519.473354,3145009996
2022-07-14,ENT,1058.78716,599280
2022-07-14,PRO,167934.636058,435322608
2022-07-14,RES,562223.61431,3144511956
2022-07-15,ENT,937.916775,599424
2022-07-15,PRO,190958.652704,435351888
2022-07-15,RES,548014.059113,3144930744
2022-07-16,ENT,937.193467,599328
2022-07-16,PRO,178879.955647,435287664
2022-07-16,RES,550434.243731,3144509660
2022-07-17,ENT,969.64822,599376
2022-07-17,PRO,159879.932667,435269136
2022-07-17,RES,568205.490511,3144322736
2022-07-18,ENT,1037.117903,599376
2022-07-18,PRO,194409.380508,435324816
2022-07-18,RES,576844.157238,3144807020
2022-07-19,ENT,1055.779712,599280
2022-07-19,PRO,207407.124984,435321072
2022-07-19,RES,579702.877397,3144827416
2022-07-20,ENT,1058.420922,599376
2022-07-20,PRO,200906.580756,435334992
2022-07-20,RES,559300.303284,3144855964
2022-07-21,ENT,1055.210806,599328
2022-07-21,PRO,199667.176971,435354192
2022-07-21,RES,549497.457907,3144862696
2022-07-22,ENT,1030.481688,599328
2022-07-22,PRO,198132.09404,435360624
2022-07-22,RES,551470.447248,3145053636
2022-07-23,ENT,923.783058,599184
2022-07-23,PRO,178219.558414,435291312
2022-07-23,RES,553361.512121,3144703308
2022-07-24,ENT,954.5758,599136
2022-07-24,PRO,158799.927218,435265680
2022-07-24,RES,569087.964833,3144555096
2022-07-25,ENT,1030.01933,599136
2022-07-25,PRO,185651.482896,435322224
2022-07-25,RES,551925.416911,3145089344
2022-07-26,ENT,1048.901674,599328
2022-07-26,PRO,191159.735268,435352944
2022-07-26,RES,530575.123386,3144993724
2022-07-27,ENT,1044.550182,599328
2022-07-27,PRO,188659.01909,435361488
2022-07-27,RES,527195.888767,3145133990
2022-07-28,ENT,1034.800207,599520
2022-07-28,PRO,190630.624686,435379632
2022-07-28,RES,523986.530765,3145179828
2022-07-29,ENT,1017.404339,599520
2022-07-29,PRO,189437.313613,435389232
2022-07-29,RES,521158.478317,3145343608
2022-07-30,ENT,912.507308,599520
2022-07-30,PRO,173714.011897,435324432
2022-07-30,RES,536315.081342,3144058396
2022-07-31,ENT,945.229152,599472
2022-07-31,PRO,154989.446919,435286704
2022-07-31,RES,549970.082473,3143497416
2022-08-01,ENT,1019.172541,599616
2022-08-01,PRO,179781.881668,435245712
2022-08-01,RES,544518.591773,3144072272
2022-08-02,ENT,1038.860189,599664
2022-08-02,PRO,190673.542699,435225936
2022-08-02,RES,543276.784234,3143462200
2022-08-03,ENT,1042.159422,599616
2022-08-03,PRO,193673.033374,435220464
2022-08-03,RES,554286.190124,3143578588
2022-08-04,ENT,1028.879207,599616
2022-08-04,PRO,193859.471891,435207792
2022-08-04,RES,552888.382101,3143535508
2022-08-05,ENT,1003.9448209999999,599424
2022-08-05,PRO,188803.727463,435199536
2022-08-05,RES,544300.078176,3143823256
2022-08-06,ENT,896.892278,599280
2022-08-06,PRO,170969.166343,435149424
2022-08-06,RES,541156.101779,3143516152
2022-08-07,ENT,931.8439500000001,599280
2022-08-07,PRO,152757.685317,435126192
2022-08-07,RES,542400.767951,3143361596
2022-08-08,ENT,993.651369,599280
2022-08-08,PRO,172755.657422,435181392
2022-08-08,RES,532540.968257,3144095708
2022-08-09,ENT,1014.803131,599184
2022-08-09,PRO,182803.614771,435135792
2022-08-09,RES,530180.783924,3144267932
2022-08-10,ENT,1014.682304,599136
2022-08-10,PRO,184452.9457,435176112
2022-08-10,RES,535714.59052,3144586460
2022-08-11,ENT,1008.402667,599040
2022-08-11,PRO,186598.791342,435188976
2022-08-11,RES,539735.893706,3144608064
2022-08-12,ENT,998.113593,598848
2022-08-12,PRO,187387.037535,435200208
2022-08-12,RES,549532.707383,3144936096
2022-08-13,ENT,901.045804,598848
2022-08-13,PRO,172605.365735,435154320
2022-08-13,RES,546516.585519,3144837836
2022-08-14,ENT,923.396062,598848
2022-08-14,PRO,151041.522105,435135312
2022-08-14,RES,530714.493944,3144746544
2022-08-15,ENT,959.396475,598848
2022-08-15,PRO,149236.508058,435132912
2022-08-15,RES,523123.706372,3144976172
2022-08-16,ENT,997.431273,598944
2022-08-16,PRO,173674.245564,435179376
2022-08-16,RES,517248.906206,3145474224
2022-08-17,ENT,994.285736,598896
2022-08-17,PRO,171326.735515,435159984
2022-08-17,RES,508682.375497,3145757424
2022-08-18,ENT,981.017395,598848
2022-08-18,PRO,171009.221194,435149136
2022-08-18,RES,503087.341849,3146061980
2022-08-19,ENT,962.905332,598848
2022-08-19,PRO,171960.502897,435140880
2022-08-19,RES,506776.495423,3146488220
2022-08-20,ENT,863.720902,598752
2022-08-20,PRO,161725.397006,435098640
2022-08-20,RES,518050.674459,3146562528
2022-08-21,ENT,894.146492,598752
2022-08-21,PRO,145955.261371,435076464
2022-08-21,RES,531545.794285,3146452896
2022-08-22,ENT,951.689752,598800
2022-08-22,PRO,168845.828269,435116784
2022-08-22,RES,520190.264093,3147222284
2022-08-23,ENT,979.185068,598896
2022-08-23,PRO,181554.13836,435140016
2022-08-23,RES,519738.815674,3147463536
2022-08-24,ENT,978.336358,598896
2022-08-24,PRO,184700.732549,435129648
2022-08-24,RES,530247.858542,3147772656
2022-08-25,ENT,970.56857,598992
2022-08-25,PRO,186255.915327,435131088
2022-08-25,RES,528914.025591,3148203216
2022-08-26,ENT,958.1180999999999,598992
2022-08-26,PRO,184656.821475,435127344
2022-08-26,RES,527103.40779,3148727856
2022-08-27,ENT,845.884003,598896
2022-08-27,PRO,169131.486378,435089232
2022-08-27,RES,533023.095841,3148868688
2022-08-28,ENT,873.133008,598896
2022-08-28,PRO,150020.462847,435068976
2022-08-28,RES,545004.227159,3148816176
2022-08-29,ENT,941.827968,598944
2022-08-29,PRO,177071.200733,435099504
2022-08-29,RES,533634.097907,3149609612
2022-08-30,ENT,968.0800919999999,598992
2022-08-30,PRO,188360.635899,435109200
2022-08-30,RES,525589.666488,3149954012
2022-08-31,ENT,962.744681,598992
2022-08-31,PRO,186371.322596,435097104
2022-08-31,RES,525274.907794,3150374496
2022-09-01,ENT,979.586667,599136
2022-09-01,PRO,189304.115103,435042384
2022-09-01,RES,518332.608145,3150400752
2022-09-02,ENT,961.730947,599136
2022-09-02,PRO,188852.167426,434940048
2022-09-02,RES,512279.998172,3150155664
2022-09-03,ENT,829.218204,599088
2022-09-03,PRO,169932.602796,434899824
2022-09-03,RES,526638.341743,3150448464
2022-09-04,ENT,882.016982,599088
2022-09-04,PRO,150450.643421,434866992
2022-09-04,RES,543142.050148,3150539472
2022-09-05,ENT,950.689377,599136
2022-09-05,PRO,181570.76953700001,434929200
2022-09-05,RES,519905.805418,3151220592
2022-09-06,ENT,975.8283660000001,599088
2022-09-06,PRO,191861.83662,434946192
2022-09-06,RES,509473.943892,3151489584
2022-09-07,ENT,964.778985,599184
2022-09-07,PRO,185991.912393,434975568
2022-09-07,RES,516954.650202,3151944144
2022-09-08,ENT,963.340359,599136
2022-09-08,PRO,186794.161937,435032016
2022-09-08,RES,501530.84507,3152299920
2022-09-09,ENT,945.937766,599088
2022-09-09,PRO,186218.380577,435068880
2022-09-09,RES,504313.806102,3152951568
2022-09-10,ENT,813.033052,598992
2022-09-10,PRO,166508.964693,435038064
2022-09-10,RES,521766.521906,3153163248
2022-09-11,ENT,871.174407,598944
2022-09-11,PRO,147454.543998,435002736
2022-09-11,RES,533815.093383,3153088656
2022-09-12,ENT,948.048316,598944
2022-09-12,PRO,176610.726084,435076848
2022-09-12,RES,507949.344705,3153583440
2022-09-13,ENT,971.023496,598896
2022-09-13,PRO,189737.834945,435100464
2022-09-13,RES,501233.25138,3153694128
2022-09-14,ENT,961.8885849999999,598944
2022-09-14,PRO,186847.721655,435135216
2022-09-14,RES,511893.123318,3153981360
2022-09-15,ENT,962.363908,598896
2022-09-15,PRO,187804.69162599999,435135504
2022-09-15,RES,499065.50290099997,3154250448
2022-09-16,ENT,938.0289740000001,598800
2022-09-16,PRO,185979.75805,435125328
2022-09-16,RES,501022.291048,3154503312
2022-09-17,ENT,798.81066,598752
2022-09-17,PRO,166141.330543,435089520
2022-09-17,RES,525453.804221,3154526448
2022-09-18,ENT,858.062388,598752
2022-09-18,PRO,147526.632483,435082224
2022-09-18,RES,549022.236276,3154511088
2022-09-19,ENT,942.055831,598800
2022-09-19,PRO,173415.729703,435141744
2022-09-19,RES,522055.085311,3154904880
2022-09-20,ENT,964.744827,598752
2022-09-20,PRO,184629.803828,435170064
2022-09-20,RES,519172.543105,3155065008
2022-09-21,ENT,957.288436,598752
2022-09-21,PRO,182618.304083,435191472
2022-09-21,RES,530608.870478,3155224804
2022-09-22,ENT,968.573122,598752
2022-09-22,PRO,186016.214809,435203664
2022-09-22,RES,521263.591933,3155407536
2022-09-23,ENT,945.8027480000001,598656
2022-09-23,PRO,187574.465941,435246288
2022-09-23,RES,526820.754201,3155922480
2022-09-24,ENT,795.936521,598464
2022-09-24,PRO,168288.181755,435200784
2022-09-24,RES,551140.053162,3155937648
2022-09-25,ENT,847.623208,598368
2022-09-25,PRO,150042.053474,435176784
2022-09-25,RES,575296.59182,3155894064
2022-09-26,ENT,941.54645,598416
2022-09-26,PRO,181380.462188,435240528
2022-09-26,RES,561113.69395,3156316944
2022-09-27,ENT,965.92156,598656
2022-09-27,PRO,193720.831505,435249648
2022-09-27,RES,566098.042821,3156535152
2022-09-28,ENT,962.155042,598656
2022-09-28,PRO,193072.973164,435281040
2022-09-28,RES,582045.206457,3156774476
2022-09-29,ENT,980.457418,598800
2022-09-29,PRO,197272.77287,435253968
2022-09-29,RES,585967.770023,3156975840
2022-09-30,ENT,961.774362,598944
2022-09-30,PRO,199901.896749,435247056
2022-09-30,RES,601670.570749,3157424928
