Date,Catégorie profil,Total énergie soutirée (MWh),Nb points soutirage
2020-01-01,PRO,42735.827732,71411328
2020-01-01,RES,191116.772059,544170476
2020-01-02,PRO,50814.784891,71679264
2020-01-02,RES,180913.996889,544197840
2020-01-03,PRO,50183.099041,71675472
2020-01-03,RES,172014.735099,544229512
2020-01-04,PRO,45706.01228,71668464
2020-01-04,RES,174952.194737,544216172
2020-01-05,PRO,41791.853155,71655888
2020-01-05,RES,183132.004396,544206654
2020-01-06,PRO,53072.882892,71657712
2020-01-06,RES,182032.532852,544245364
2020-01-07,PRO,53246.059558,71659200
2020-01-07,RES,169191.004441,544268484
2020-01-08,PRO,49732.773549,71659872
2020-01-08,RES,158096.338826,544302960
2020-01-09,PRO,49562.647352,71660832
2020-01-09,RES,152747.033957,544338000
2020-01-10,PRO,50503.537889,71672736
2020-01-10,RES,157868.036921,544392612
2020-01-11,PRO,46201.755591,71676000
2020-01-11,RES,173513.256825,544378700
2020-01-12,PRO,42146.540147,71673504
2020-01-12,RES,181513.787507,544376596
2020-01-13,PRO,50616.314428,71678784
2020-01-13,RES,170870.940135,544420468
2020-01-14,PRO,51607.285323000004,71681088
2020-01-14,RES,163212.613956,544459432
2020-01-15,PRO,49394.078187,71691552
2020-01-15,RES,159747.629276,544510886
2020-01-16,PRO,49828.355722,71706816
2020-01-16,RES,156571.215489,544546452
2020-01-17,PRO,50344.050483,71711520
2020-01-17,RES,158870.909391,544609004
2020-01-18,PRO,46729.130501,71710416
2020-01-18,RES,177317.985101,544600936
2020-01-19,PRO,44022.587714,71708016
2020-01-19,RES,194006.594874,544595770
2020-01-20,PRO,54929.097368,71718864
2020-01-20,RES,193212.169404,544653076
2020-01-21,PRO,57885.525319,71720688
2020-01-21,RES,193636.675426,544693192
2020-01-22,PRO,57425.277175,71721840
2020-01-22,RES,198590.651817,544747900
2020-01-23,PRO,57862.224549,71726688
2020-01-23,RES,193929.484013,544816672
2020-01-24,PRO,56810.912481,71727744
2020-01-24,RES,191785.210688,544877988
2020-01-25,PRO,49764.517215,71725056
2020-01-25,RES,192570.104185,544887020
2020-01-26,PRO,42919.87099,71723040
2020-01-26,RES,186984.437774,544883856
2020-01-27,PRO,51591.574756,71731776
2020-01-27,RES,173657.63485,544947318
2020-01-28,PRO,53834.931796,71727552
2020-01-28,RES,172299.146317,545001642
2020-01-29,PRO,52028.720151,71741760
2020-01-29,RES,170836.211114,545050224
2020-01-30,PRO,51982.644383,71739456
2020-01-30,RES,164068.383955,545104844
2020-01-31,PRO,48098.510299,71734848
2020-01-31,RES,146711.956798,545146508
2020-02-01,PRO,41710.466584,71715696
2020-02-01,RES,148789.358165,545082188
2020-02-02,PRO,36462.120656,71709744
2020-02-02,RES,148589.71593,545050320
2020-02-03,PRO,43842.379695999996,71717136
2020-02-03,RES,136057.613991,545101488
2020-02-04,PRO,49056.934151,71724384
2020-02-04,RES,149638.746856,545128650
2020-02-05,PRO,49726.908463,71726736
2020-02-05,RES,161146.658738,545158170
2020-02-06,PRO,52349.137256,71727696
2020-02-06,RES,169167.328771,545204350
2020-02-07,PRO,52200.243933,71742384
2020-02-07,RES,171071.161374,545263676
2020-02-08,PRO,44665.472946,71740080
2020-02-08,RES,167362.980616,545253016
2020-02-09,PRO,39036.568412,71736240
2020-02-09,RES,167761.908894,545247748
2020-02-10,PRO,46023.467632,71760816
2020-02-10,RES,151290.232604,545316576
2020-02-11,PRO,49727.019049,71767440
2020-02-11,RES,155434.761377,545352284
2020-02-12,PRO,49722.321042,71781360
2020-02-12,RES,162930.79198,545397692
2020-02-13,PRO,51243.231845,71793552
2020-02-13,RES,164133.802135,545465664
2020-02-14,PRO,48368.412386,71797488
2020-02-14,RES,152805.629911,545535164
2020-02-15,PRO,42346.315853,71791536
2020-02-15,RES,155425.173077,545531996
2020-02-16,PRO,36008.666827,71788368
2020-02-16,RES,149383.189966,545516448
2020-02-17,PRO,44910.979044,71796864
2020-02-17,RES,148413.679035,545569248
2020-02-18,PRO,48005.63451,71796960
2020-02-18,RES,154660.058146,545582012
2020-02-19,PRO,47948.71299,71798784
2020-02-19,RES,158047.729835,545627516
2020-02-20,PRO,47710.762436,71799648
2020-02-20,RES,155174.794696,545677728
2020-02-21,PRO,47914.740974,71806560
2020-02-21,RES,158799.513267,545737628
2020-02-22,PRO,42731.665526,71815152
2020-02-22,RES,161514.296273,545722940
2020-02-23,PRO,36789.243349,71813040
2020-02-23,RES,153994.940356,545711712
2020-02-24,PRO,43183.35899,71821488
2020-02-24,RES,142007.715574,545766624
2020-02-25,PRO,46462.403828,71824656
2020-02-25,RES,146225.366646,545801852
2020-02-26,PRO,49692.994249,71825184
2020-02-26,RES,165895.342929,545839344
2020-02-27,PRO,51349.102033,71833104
2020-02-27,RES,171308.640424,545894688
2020-02-28,PRO,50554.452937,71830416
2020-02-28,RES,170641.705305,545951324
2020-02-29,PRO,43286.22081,71825904
2020-02-29,RES,163541.611654,545905148
2020-03-01,PRO,39356.539958,71822832
2020-03-01,RES,168881.804601,545813184
2020-03-02,PRO,49250.521304,71823888
2020-03-02,RES,164653.624815,545825736
2020-03-03,PRO,52200.28419,71811600
2020-03-03,RES,169905.717632,545829596
2020-03-04,PRO,51191.7539,71805648
2020-03-04,RES,170809.508576,545854076
2020-03-05,PRO,50738.044547,71803056
2020-03-05,RES,160263.237431,545863028
2020-03-06,PRO,51280.831424,71807472
2020-03-06,RES,166252.90519700001,545927420
2020-03-07,PRO,44781.316094,71801136
2020-03-07,RES,169988.487635,545897276
2020-03-08,PRO,38633.979777,71796528
2020-03-08,RES,166206.199541,545888156
2020-03-09,PRO,47125.556713,71792880
2020-03-09,RES,156139.30363,545953632
2020-03-10,PRO,48610.54157,71792016
2020-03-10,RES,150645.125192,545975264
2020-03-11,PRO,43861.234114,71791008
2020-03-11,RES,136674.316587,546002876
2020-03-12,PRO,44316.487218,71792208
2020-03-12,RES,134491.163091,546042144
2020-03-13,PRO,44844.914626,71790384
2020-03-13,RES,141602.986859,546106556
2020-03-14,PRO,39969.577991,71788368
2020-03-14,RES,151297.628088,546092264
2020-03-15,PRO,34104.136173,71785680
2020-03-15,RES,147874.266564,546083132
2020-03-16,PRO,38030.706614,71790000
2020-03-16,RES,143706.846328,546124800
2020-03-17,PRO,34910.652884,71785296
2020-03-17,RES,140979.260592,546110204
2020-03-18,PRO,32036.13171,71777088
2020-03-18,RES,134389.134346,546093734
2020-03-19,PRO,30981.689135,71779584
2020-03-19,RES,127912.670796,546068736
2020-03-20,PRO,30521.858346,71777664
2020-03-20,RES,127533.747536,546055100
2020-03-21,PRO,30463.934973,71775744
2020-03-21,RES,141864.367191,546017276
2020-03-22,PRO,30137.676972,71774688
2020-03-22,RES,150185.342147,545997788
2020-03-23,PRO,32608.377375,71777568
2020-03-23,RES,147686.174147,546006048
2020-03-24,PRO,33366.205347,71763216
2020-03-24,RES,149770.799325,545969660
2020-03-25,PRO,33626.855041,71783184
2020-03-25,RES,154471.056145,545934428
2020-03-26,PRO,34294.659563,71786640
2020-03-26,RES,159307.740754,545909952
2020-03-27,PRO,33653.722532,71787024
2020-03-27,RES,156180.129016,545896124
2020-03-28,PRO,31029.17282,71786736
2020-03-28,RES,149346.289497,545863772
2020-03-29,PRO,29923.244136,68795162
2020-03-29,RES,154844.921922,523108136
2020-03-30,PRO,35960.672699,71786352
2020-03-30,RES,173151.332675,545845430
2020-03-31,PRO,35446.278159,71784720
2020-03-31,RES,164013.184509,545795036
2020-04-01,PRO,34548.235273,71785824
2020-04-01,RES,154829.135262,545737724
2020-04-02,PRO,34299.444072,71784864
2020-04-02,RES,152371.566943,545700288
2020-04-03,PRO,33223.820706,71781696
2020-04-03,RES,144928.975777,545679894
2020-04-04,PRO,30076.659571,71779584
2020-04-04,RES,135003.338774,545649404
2020-04-05,PRO,27415.867888,71778720
2020-04-05,RES,123434.716877,545639728
2020-04-06,PRO,28991.901596,71781216
2020-04-06,RES,115997.072834,545639904
2020-04-07,PRO,29130.756445,71779104
2020-04-07,RES,111703.80843800001,545582268
2020-04-08,PRO,28057.352928,71777280
2020-04-08,RES,105682.318521,545580474
2020-04-09,PRO,27551.481575,71776464
2020-04-09,RES,100836.846203,545563584
2020-04-10,PRO,27013.369604,71773968
2020-04-10,RES,97965.682387,545546680
2020-04-11,PRO,25350.729279,71771952
2020-04-11,RES,99392.381992,545522012
2020-04-12,PRO,24131.182132,71771472
2020-04-12,RES,100751.887863,545513672
2020-04-13,PRO,24629.654602,71771280
2020-04-13,RES,101942.678823,545517800
2020-04-14,PRO,28675.206571,71773200
2020-04-14,RES,105951.012255,545513564
2020-04-15,PRO,28626.633536,71771664
2020-04-15,RES,106520.362027,545482172
2020-04-16,PRO,27438.755789,71768304
2020-04-16,RES,99788.607267,545448384
2020-04-17,PRO,26831.292405,71769648
2020-04-17,RES,96903.811121,545435612
2020-04-18,PRO,25328.545882,71766576
2020-04-18,RES,100912.967137,545406044
2020-04-19,PRO,24406.894148,71766096
2020-04-19,RES,104851.666181,545399240
2020-04-20,PRO,27040.932644,71766864
2020-04-20,RES,102663.170593,545404796
2020-04-21,PRO,27845.562818,71769408
2020-04-21,RES,102104.081431,545381564
2020-04-22,PRO,27525.87175,71772864
2020-04-22,RES,101083.461856,545339796
2020-04-23,PRO,27228.878193,71771616
2020-04-23,RES,97956.41873,545353248
2020-04-24,PRO,26735.120772,71770848
2020-04-24,RES,96729.485146,545341820
2020-04-25,PRO,24958.229531,71769648
2020-04-25,RES,98618.417974,545319548
2020-04-26,PRO,23949.74153,71768400
2020-04-26,RES,100225.007683,545314472
2020-04-27,PRO,26487.477291,71773440
2020-04-27,RES,97264.17031,545319068
2020-04-28,PRO,27572.010355,71775936
2020-04-28,RES,98571.132555,545289404
2020-04-29,PRO,28076.338253,71773344
2020-04-29,RES,102320.343073,545273180
2020-04-30,PRO,28948.426237,71779008
2020-04-30,RES,106447.109323,545258880
2020-05-01,PRO,26075.45437,71778288
2020-05-01,RES,111770.902927,545213864
2020-05-02,PRO,26603.202039,71775600
2020-05-02,RES,109191.201701,545207228
2020-05-03,PRO,24996.285743,71775024
2020-05-03,RES,107602.080986,545204236
2020-05-04,PRO,27135.432481,71776848
2020-05-04,RES,98413.557373,545212850
2020-05-05,PRO,28209.490072,71781936
2020-05-05,RES,97691.49121,545182268
2020-05-06,PRO,27739.473124,71784528
2020-05-06,RES,95862.363564,545161532
2020-05-07,PRO,27538.642014,71781552
2020-05-07,RES,93647.851884,545154336
2020-05-08,PRO,24354.851853,71777808
2020-05-08,RES,94913.248442,545140904
2020-05-09,PRO,24904.046413,71776752
2020-05-09,RES,94324.609819,545138588
2020-05-10,PRO,23673.500427,71775984
2020-05-10,RES,97823.128392,545138734
2020-05-11,PRO,30721.664729,71782128
2020-05-11,RES,99815.977884,545168352
2020-05-12,PRO,32741.198406,71788560
2020-05-12,RES,104801.097719,545169000
2020-05-13,PRO,32722.132562,71793456
2020-05-13,RES,108072.799829,545181372
2020-05-14,PRO,33234.469352,71793360
2020-05-14,RES,108201.409972,545188320
2020-05-15,PRO,32525.433628,71791152
2020-05-15,RES,105227.980257,545208188
2020-05-16,PRO,28399.265393,71786304
2020-05-16,RES,103364.131402,545172572
2020-05-17,PRO,24804.926239,71783136
2020-05-17,RES,100795.608492,545149256
2020-05-18,PRO,28774.431966,71789568
2020-05-18,RES,93816.511595,545199840
2020-05-19,PRO,29832.319146,71808768
2020-05-19,RES,90262.020639,545166572
2020-05-20,PRO,29432.23557,71808720
2020-05-20,RES,88558.475006,545157884
2020-05-21,PRO,24762.745998,71801712
2020-05-21,RES,89226.250346,545113000
2020-05-22,PRO,28299.25283,71800944
2020-05-22,RES,88230.881728,545147804
2020-05-23,PRO,26393.911451,71796240
2020-05-23,RES,90865.148761,545106620
2020-05-24,PRO,23375.224338,71792688
2020-05-24,RES,91857.780582,545075432
2020-05-25,PRO,28043.217698,71800128
2020-05-25,RES,87484.172382,545139564
2020-05-26,PRO,29521.528115,71804496
2020-05-26,RES,85207.5849,545123324
2020-05-27,PRO,29216.172292,71802192
2020-05-27,RES,85139.798895,545122988
2020-05-28,PRO,29674.904693,71815152
2020-05-28,RES,84923.491552,545120880
2020-05-29,PRO,29589.034815,71815632
2020-05-29,RES,84956.492014,545144108
2020-05-30,PRO,26710.530559,71800704
2020-05-30,RES,86341.100599,545085836
2020-05-31,PRO,23351.340971999998,71795520
2020-05-31,RES,86634.02736000001,545006192
2020-06-01,PRO,24435.546678,71791920
2020-06-01,RES,87038.2275,544994286
2020-06-02,PRO,30478.817493,71790288
2020-06-02,RES,83082.202317,544994252
2020-06-03,PRO,30214.19437,71793360
2020-06-03,RES,83955.581247,544975098
2020-06-04,PRO,30851.778252,71790144
2020-06-04,RES,84705.024834,544948010
2020-06-05,PRO,30799.905829,71790624
2020-06-05,RES,86055.293225,544992428
2020-06-06,PRO,27465.603571,71783136
2020-06-06,RES,88609.121195,544952004
2020-06-07,PRO,23915.85301,71779488
2020-06-07,RES,90742.135839,544924280
2020-06-08,PRO,28878.741021,71785776
2020-06-08,RES,87551.912926,545024486
2020-06-09,PRO,30774.617927,71777328
2020-06-09,RES,87471.038384,545038792
2020-06-10,PRO,30428.68425,71779152
2020-06-10,RES,88316.35165,545070000
2020-06-11,PRO,31293.84818,71782704
2020-06-11,RES,87772.501635,545103120
2020-06-12,PRO,31349.160343,71778864
2020-06-12,RES,87992.4139,545162640
2020-06-13,PRO,27551.968072,71771376
2020-06-13,RES,89483.876601,545151762
2020-06-14,PRO,23914.280456,71763312
2020-06-14,RES,89519.560853,545121076
2020-06-15,PRO,29045.546084999998,71771472
2020-06-15,RES,85074.251887,545230204
2020-06-16,PRO,30832.058215,71777712
2020-06-16,RES,83268.340401,545227668
2020-06-17,PRO,30601.519695,71779008
2020-06-17,RES,84808.346446,545240060
2020-06-18,PRO,31143.62184,71788896
2020-06-18,RES,83724.968486,545277840
2020-06-19,PRO,31058.036096,71789376
2020-06-19,RES,83438.206298,545334960
2020-06-20,PRO,27552.331574,71775504
2020-06-20,RES,84529.098567,545310760
2020-06-21,PRO,23911.66328,71772240
2020-06-21,RES,86060.521762,545262286
2020-06-22,PRO,29417.737407,71786256
2020-06-22,RES,81956.31593900001,545353196
2020-06-23,PRO,31546.221357,71795088
2020-06-23,RES,80471.633254,545353956
2020-06-24,PRO,31877.024262,71808144
2020-06-24,RES,81829.376323,545359918
2020-06-25,PRO,33150.466893,71817648
2020-06-25,RES,81966.187798,545377834
2020-06-26,PRO,32926.947578,71820240
2020-06-26,RES,81963.087335,545401098
2020-06-27,PRO,28652.066555,71811792
2020-06-27,RES,83498.458684,545338892
2020-06-28,PRO,24412.691592,71808048
2020-06-28,RES,85508.61257,545258836
2020-06-29,PRO,30054.615447,71820624
2020-06-29,RES,81717.535503,545340330
2020-06-30,PRO,31889.670025,71822736
2020-06-30,RES,80576.749033,545258310
2020-07-01,PRO,32273.829187,71828496
2020-07-01,RES,81478.069044,545115184
2020-07-02,PRO,32424.162416,71824944
2020-07-02,RES,79800.476665,545022064
2020-07-03,PRO,31917.710613,71820240
2020-07-03,RES,78871.910231,545060962
2020-07-04,PRO,27936.394991,71812272
2020-07-04,RES,81852.05645,544998516
2020-07-05,PRO,24402.875285,71807952
2020-07-05,RES,83585.463076,544947560
2020-07-06,PRO,29722.500452,71811792
2020-07-06,RES,80546.538882,545048354
2020-07-07,PRO,31125.142755,71807664
2020-07-07,RES,78293.506159,544980092
2020-07-08,PRO,31566.693025,71804976
2020-07-08,RES,78840.204778,544950720
2020-07-09,PRO,32398.08165,71798976
2020-07-09,RES,79145.583028,544958702
2020-07-10,PRO,31885.878415,71794128
2020-07-10,RES,79001.38524,544984388
2020-07-11,PRO,28006.985293,71781456
2020-07-11,RES,78826.084515,544881698
2020-07-12,PRO,24284.264563,71776272
2020-07-12,RES,78652.293682,544823340
2020-07-13,PRO,28166.961149,71780112
2020-07-13,RES,77130.817815,544910614
2020-07-14,PRO,25184.817053,71773968
2020-07-14,RES,79070.163177,544868874
2020-07-15,PRO,30811.900214,71775600
2020-07-15,RES,76238.017253,544970404
2020-07-16,PRO,31040.552223,71777520
2020-07-16,RES,75932.14196,544949968
2020-07-17,PRO,31324.197198,71785536
2020-07-17,RES,75772.933357,544940218
2020-07-18,PRO,28349.563527,71771328
2020-07-18,RES,77460.390885,544853088
2020-07-19,PRO,24764.607412,71767296
2020-07-19,RES,79021.372048,544807672
2020-07-20,PRO,30305.217614,71776224
2020-07-20,RES,77326.448269,544920778
2020-07-21,PRO,32043.85106,71782848
2020-07-21,RES,76563.395435,544853172
2020-07-22,PRO,31760.139883,71775216
2020-07-22,RES,76680.769743,544851358
2020-07-23,PRO,32232.674892,71769648
2020-07-23,RES,76236.725559,544849950
2020-07-24,PRO,31920.003637,71778576
2020-07-24,RES,76310.030787,544874940
2020-07-25,PRO,28596.425241,71766768
2020-07-25,RES,77598.073617,544797216
2020-07-26,PRO,24629.59369,71761872
2020-07-26,RES,78664.421244,544744308
2020-07-27,PRO,30493.390023,71765520
2020-07-27,RES,77900.809234,544840224
2020-07-28,PRO,31943.277486,71775600
2020-07-28,RES,75962.524711,544711918
2020-07-29,PRO,31833.365392,71775504
2020-07-29,RES,76472.438789,544693524
2020-07-30,PRO,32928.157938,71778960
2020-07-30,RES,78162.655035,544675368
2020-07-31,PRO,33254.593799,71768352
2020-07-31,RES,80909.754231,544659784
2020-08-01,PRO,29146.583475,71752320
2020-08-01,RES,80648.733584,544436502
2020-08-02,PRO,24594.980133,71745216
2020-08-02,RES,78806.68768,544326756
2020-08-03,PRO,28441.204877,71753952
2020-08-03,RES,74830.525752,544465822
2020-08-04,PRO,29537.333456,71766288
2020-08-04,RES,72499.320493,544428154
2020-08-05,PRO,29939.421211,71767968
2020-08-05,RES,72632.540088,544418860
2020-08-06,PRO,30757.582668,71769312
2020-08-06,RES,73758.338911,544409752
2020-08-07,PRO,31493.735526,71765664
2020-08-07,RES,76353.927424,544436562
2020-08-08,PRO,28741.676678,71760768
2020-08-08,RES,79186.978056,544368942
2020-08-09,PRO,25312.929084,71758656
2020-08-09,RES,81733.515888,544321646
2020-08-10,PRO,29885.371854,71761152
2020-08-10,RES,79932.738457,544426788
2020-08-11,PRO,31443.705581,71757504
2020-08-11,RES,79491.881064,544382416
2020-08-12,PRO,31209.071793,71756016
2020-08-12,RES,79263.94280799999,544368476
2020-08-13,PRO,30558.868833,71758992
2020-08-13,RES,76745.441577,544381668
2020-08-14,PRO,29775.115591,71759280
2020-08-14,RES,75593.807107,544427818
2020-08-15,PRO,25870.831273,71753520
2020-08-15,RES,76642.49487,544372368
2020-08-16,PRO,24235.376465,71751504
2020-08-16,RES,77205.794455,544344804
2020-08-17,PRO,27873.051355,71751312
2020-08-17,RES,75029.628203,544464100
2020-08-18,PRO,29742.587422,71749776
2020-08-18,RES,74147.119723,544445898
2020-08-19,PRO,30088.585464,71751648
2020-08-19,RES,75569.386486,544493896
2020-08-20,PRO,31177.678571,71750400
2020-08-20,RES,76940.553166,544529702
2020-08-21,PRO,31024.775174,71754240
2020-08-21,RES,78052.725611,544574984
2020-08-22,PRO,27971.140924,71763984
2020-08-22,RES,77806.609288,544550828
2020-08-23,PRO,24224.075231,71761488
2020-08-23,RES,78858.235284,544532976
2020-08-24,PRO,28746.377027,71770032
2020-08-24,RES,76067.717903,544662586
2020-08-25,PRO,30892.500694,71777952
2020-08-25,RES,75968.514433,544695486
2020-08-26,PRO,30943.117132,71783616
2020-08-26,RES,76638.238949,544743398
2020-08-27,PRO,31560.261363,71791968
2020-08-27,RES,77137.133239,544793308
2020-08-28,PRO,31291.13995,71791200
2020-08-28,RES,78029.542591,544886192
2020-08-29,PRO,27800.305509,71783808
2020-08-29,RES,80019.777193,544843906
2020-08-30,PRO,24330.746805,71780256
2020-08-30,RES,82764.605033,544808700
2020-08-31,PRO,29288.210241,71784768
2020-08-31,RES,78748.259888,544945478
2020-09-01,PRO,31243.82154,71788176
2020-09-01,RES,76596.188679,544855784
2020-09-02,PRO,31141.383208,71786160
2020-09-02,RES,77661.997735,544822880
2020-09-03,PRO,32018.434815,71785392
2020-09-03,RES,76039.485634,544862250
2020-09-04,PRO,32687.628302,71791248
2020-09-04,RES,76213.182953,544928586
2020-09-05,PRO,28684.219227,71782416
2020-09-05,RES,79756.588903,544892422
2020-09-06,PRO,24779.656709,71778672
2020-09-06,RES,83165.37621,544861832
2020-09-07,PRO,30213.652646,71787888
2020-09-07,RES,77763.472714,544997070
2020-09-08,PRO,32212.942921,71786448
2020-09-08,RES,76441.600174,544970288
2020-09-09,PRO,32137.321887,71785872
2020-09-09,RES,78018.276882,545004870
2020-09-10,PRO,32892.603705,71784480
2020-09-10,RES,76795.246659,545047642
2020-09-11,PRO,33248.150182,71784096
2020-09-11,RES,77734.371698,545121412
2020-09-12,PRO,29384.752585,71783232
2020-09-12,RES,81794.272493,545093258
2020-09-13,PRO,25648.085694,71780448
2020-09-13,RES,84486.728042,545063992
2020-09-14,PRO,32021.554662,71794128
2020-09-14,RES,80536.205963,545194656
2020-09-15,PRO,34036.743972,71795472
2020-09-15,RES,79729.73039,545209728
2020-09-16,PRO,33759.522605,71801328
2020-09-16,RES,81837.764666,545212032
2020-09-17,PRO,34084.578193,71802288
2020-09-17,RES,80309.148948,545216448
2020-09-18,PRO,34050.122673,71809968
2020-09-18,RES,80249.644962,545285952
2020-09-19,PRO,30210.612578,71814288
2020-09-19,RES,84364.014839,545255772
2020-09-20,PRO,25850.499047,71810640
2020-09-20,RES,86708.894425,545229888
2020-09-21,PRO,31429.358527,71813712
2020-09-21,RES,80795.537747,545351712
2020-09-22,PRO,33004.912922,71815488
2020-09-22,RES,79149.464004,545346336
2020-09-23,PRO,32664.870137,71809440
2020-09-23,RES,81359.458702,545374652
2020-09-24,PRO,33575.317542,71810352
2020-09-24,RES,81419.085944,545413824
2020-09-25,PRO,34375.400767,71798208
2020-09-25,RES,86460.74468,545461968
2020-09-26,PRO,30833.805335,71818464
2020-09-26,RES,98539.962883,545405134
2020-09-27,PRO,27565.462354,71814624
2020-09-27,RES,110831.662681,545378544
2020-09-28,PRO,34975.665134,71824128
2020-09-28,RES,103438.07750099999,545491920
2020-09-29,PRO,36314.536043,71827344
2020-09-29,RES,97259.867876,545483856
2020-09-30,PRO,35129.878913,71827344
2020-09-30,RES,94957.755629,545450060
2020-10-01,PRO,36804.101758,71872608
2020-10-01,RES,96986.941977,545569100
2020-10-02,PRO,38322.105524,71859552
2020-10-02,RES,105427.413395,545560756
2020-10-03,PRO,34143.442552,71863776
2020-10-03,RES,114865.518417,545510256
2020-10-04,PRO,30119.973932,71858112
2020-10-04,RES,120806.512661,545476420
2020-10-05,PRO,38033.341576,71866848
2020-10-05,RES,114742.571358,545617296
2020-10-06,PRO,39705.920118,71867472
2020-10-06,RES,110469.398982,545590464
2020-10-07,PRO,38078.891662,71869488
2020-10-07,RES,108495.032259,545599100
2020-10-08,PRO,37979.453083,71874432
2020-10-08,RES,102618.977268,545604000
2020-10-09,PRO,37788.907525,71880192
2020-10-09,RES,101766.563501,545651900
2020-10-10,PRO,34024.128207,71882784
2020-10-10,RES,111168.548186,545622672
2020-10-11,PRO,30853.665392,71878368
2020-10-11,RES,122497.919876,545581196
2020-10-12,PRO,39286.092083,71891664
2020-10-12,RES,120860.524945,545705128
2020-10-13,PRO,42080.713371,71904816
2020-10-13,RES,121506.033024,545687476
2020-10-14,PRO,41943.954598,71913648
2020-10-14,RES,126871.92688,545670514
2020-10-15,PRO,43823.687676,71918112
2020-10-15,RES,129831.246965,545695228
2020-10-16,PRO,43482.258921,71913024
2020-10-16,RES,130609.555066,545747198
2020-10-17,PRO,37571.495344,71916096
2020-10-17,RES,134581.692668,545698740
2020-10-18,PRO,33303.540424,71914128
2020-10-18,RES,136360.88029,545622794
2020-10-19,PRO,40304.987884,71921616
2020-10-19,RES,131080.618082,545781404
2020-10-20,PRO,41040.570565,71922864
2020-10-20,RES,122512.276568,545785158
2020-10-21,PRO,38576.292691,71922480
2020-10-21,RES,110842.258821,545786468
2020-10-22,PRO,38168.013942,71919888
2020-10-22,RES,106640.612985,545827830
2020-10-23,PRO,38196.615917,71920272
2020-10-23,RES,108186.681396,545881746
2020-10-24,PRO,34311.708259,71934768
2020-10-24,RES,115076.897599,545843552
2020-10-25,PRO,32436.397036,74901450
2020-10-25,RES,128089.134986,568340928
2020-10-26,PRO,39308.388479,71929296
2020-10-26,RES,127903.152591,545930880
2020-10-27,PRO,41908.868637,71926608
2020-10-27,RES,131126.356447,545947826
2020-10-28,PRO,40634.465014,71932656
2020-10-28,RES,127178.79648799999,545976856
2020-10-29,PRO,40482.699163,71931984
2020-10-29,RES,121097.874879,546003304
2020-10-30,PRO,36152.417385,71926320
2020-10-30,RES,122721.844762,546039744
2020-10-31,PRO,32087.355431,71916816
2020-10-31,RES,126898.216651,545926368
2020-11-01,PRO,29510.143106,71916432
2020-11-01,RES,124962.033845,545753568
2020-11-02,PRO,35042.711727,71917824
2020-11-02,RES,112422.226159,545860302
2020-11-03,PRO,38682.487227,71922528
2020-11-03,RES,124017.098343,545803296
2020-11-04,PRO,40114.204804,71917152
2020-11-04,RES,141033.358447,545810144
2020-11-05,PRO,41725.141808,71928192
2020-11-05,RES,143796.08736,545842036
2020-11-06,PRO,40787.769491,71928672
2020-11-06,RES,141178.535034,545886526
2020-11-07,PRO,34247.021256,71925120
2020-11-07,RES,138654.259094,545845172
2020-11-08,PRO,30802.275926,71922336
2020-11-08,RES,132139.660436,545816024
2020-11-09,PRO,36789.213766,71923440
2020-11-09,RES,120344.720477,545933178
2020-11-10,PRO,37959.844687,71928720
2020-11-10,RES,121160.182151,545901678
2020-11-11,PRO,32119.034293,71913456
2020-11-11,RES,133156.499209,545847126
2020-11-12,PRO,38616.352821,71926704
2020-11-12,RES,126061.583007,545929604
2020-11-13,PRO,38526.708619,71929200
2020-11-13,RES,127707.619405,545970312
2020-11-14,PRO,33026.586595,71937888
2020-11-14,RES,129523.057151,545933816
2020-11-15,PRO,30952.645238,71934048
2020-11-15,RES,134483.897041,545884166
2020-11-16,PRO,38697.443001,71941824
2020-11-16,RES,131644.786876,545974762
2020-11-17,PRO,40103.086112,71954592
2020-11-17,RES,132480.027807,545967670
2020-11-18,PRO,39142.700957,71956560
2020-11-18,RES,135882.872383,545976344
2020-11-19,PRO,40867.210123,71961408
2020-11-19,RES,137214.569046,545997592
2020-11-20,PRO,42978.624785,71949936
2020-11-20,RES,151446.939391,546011416
2020-11-21,PRO,38460.785395,71948880
2020-11-21,RES,166597.730197,545992592
2020-11-22,PRO,36038.957828,71946576
2020-11-22,RES,172075.461585,545978414
2020-11-23,PRO,43669.07739,71964816
2020-11-23,RES,161564.182253,546075492
2020-11-24,PRO,45662.199987,71979792
2020-11-24,RES,162830.767045,546068644
2020-11-25,PRO,44217.116592,71981808
2020-11-25,RES,161855.885677,546113482
2020-11-26,PRO,44924.095992,71979600
2020-11-26,RES,156889.617146,546143956
2020-11-27,PRO,44156.278072,71984688
2020-11-27,RES,155349.296378,546217770
2020-11-28,PRO,40391.276206,71986032
2020-11-28,RES,161383.066884,546190540
2020-11-29,PRO,38372.307349,71979888
2020-11-29,RES,176521.597787,546133984
2020-11-30,PRO,49199.938237,72012720
2020-11-30,RES,180391.890068,546232044
2020-12-01,PRO,51027.350443,72018624
2020-12-01,RES,175749.919864,546134140
2020-12-02,PRO,50100.000655,72018528
2020-12-02,RES,180060.691334,546097686
2020-12-03,PRO,50974.278683,72023088
2020-12-03,RES,177276.015398,546123830
2020-12-04,PRO,51115.13446,72022032
2020-12-04,RES,180611.305186,546177424
2020-12-05,PRO,46161.881571,72023136
2020-12-05,RES,195287.01778,546139288
2020-12-06,PRO,41966.135145,72019488
2020-12-06,RES,196616.855772,546053202
2020-12-07,PRO,51949.161738,72039936
2020-12-07,RES,194614.64695,546200732
2020-12-08,PRO,53963.0428,72051024
2020-12-08,RES,191466.239211,546206860
2020-12-09,PRO,53779.978665,72059136
2020-12-09,RES,198609.920077,546233116
2020-12-10,PRO,53523.386455,72057168
2020-12-10,RES,187811.949364,546268926
2020-12-11,PRO,51591.425714,72060816
2020-12-11,RES,178952.843474,546330608
2020-12-12,PRO,44177.313935,72058416
2020-12-12,RES,176352.571686,546313146
2020-12-13,PRO,40904.244527,72052272
2020-12-13,RES,182539.806221,546293660
2020-12-14,PRO,47582.078633,72062544
2020-12-14,RES,165972.848709,546396908
2020-12-15,PRO,48095.99704,72067152
2020-12-15,RES,156075.74243,546400802
2020-12-16,PRO,47758.414685,72071904
2020-12-16,RES,163133.131242,546406682
2020-12-17,PRO,47866.748225,72080928
2020-12-17,RES,157964.682353,546430926
2020-12-18,PRO,47647.102847,72075744
2020-12-18,RES,159883.680304,546480470
2020-12-19,PRO,41280.766762,72074688
2020-12-19,RES,163093.891871,546437638
2020-12-20,PRO,37731.999187,72068832
2020-12-20,RES,163042.026467,546395118
2020-12-21,PRO,45291.84651,72073152
2020-12-21,RES,162136.964684,546487760
2020-12-22,PRO,43720.56434,72070128
2020-12-22,RES,145796.388179,546430784
2020-12-23,PRO,43207.383222,72068832
2020-12-23,RES,149176.949218,546412122
2020-12-24,PRO,42580.975177,72059712
2020-12-24,RES,170279.813561,546372494
2020-12-25,PRO,39541.959023,72046272
2020-12-25,RES,187108.414003,546313944
2020-12-26,PRO,44546.664442,72043488
2020-12-26,RES,197765.943409,546318446
2020-12-27,PRO,41807.744853,72041472
2020-12-27,RES,203112.892281,546306914
2020-12-28,PRO,47383.032655,72042336
2020-12-28,RES,197273.05935,546406470
2020-12-29,PRO,49361.241583,72035280
2020-12-29,RES,196132.378145,546379862
2020-12-30,PRO,49347.320059,72029472
2020-12-30,RES,198111.66632,546365216
2020-12-31,PRO,47265.094118,72004704
2020-12-31,RES,202619.618803,546303386
2021-01-01,PRO,43066.262644,72110880
2021-01-01,RES,207679.726088,546102282
2021-01-02,PRO,46948.005141,72104544
2021-01-02,RES,219630.462142,546093808
2021-01-03,PRO,43898.014567,72102240
2021-01-03,RES,220707.456492,546081456
2021-01-04,PRO,55262.091982,72108096
2021-01-04,RES,217638.272953,546214560
2021-01-05,PRO,58062.442689999996,72109728
2021-01-05,RES,215932.966826,546188518
2021-01-06,PRO,56855.551262,72103392
2021-01-06,RES,217132.434546,546202182
2021-01-07,PRO,57908.506824000004,72097968
2021-01-07,RES,217548.857254,546234368
2021-01-08,PRO,57985.418753,72100032
2021-01-08,RES,222012.379633,546313962
2021-01-09,PRO,52215.128887,72099216
2021-01-09,RES,233189.146911,546294930
2021-01-10,PRO,47757.992589,72095280
2021-01-10,RES,236618.551472,546266928
2021-01-11,PRO,57599.717522,72101040
2021-01-11,RES,227908.424623,546384604
2021-01-12,PRO,57493.475319,72106704
2021-01-12,RES,211685.755033,546379088
2021-01-13,PRO,52828.903516,72107520
2021-01-13,RES,193666.485819,546413986
2021-01-14,PRO,53116.393255,72129504
2021-01-14,RES,183015.443112,546456980
2021-01-15,PRO,54774.978606,72150096
2021-01-15,RES,195783.821711,546554120
2021-01-16,PRO,50642.379114,72150240
2021-01-16,RES,221739.494009,546531488
2021-01-17,PRO,44181.662557999996,72146112
2021-01-17,RES,208302.151261,546490460
2021-01-18,PRO,53427.985586,72176592
2021-01-18,RES,202928.331711,546573788
2021-01-19,PRO,54838.934515,72179808
2021-01-19,RES,199100.670569,546589624
2021-01-20,PRO,51176.247704,72199920
2021-01-20,RES,188819.797539,546630336
2021-01-21,PRO,50736.721023,72207360
2021-01-21,RES,178398.025206,546658848
2021-01-22,PRO,50673.70683,72208656
2021-01-22,RES,181116.616289,546735600
2021-01-23,PRO,46829.259075,72210480
2021-01-23,RES,200087.419616,546729164
2021-01-24,PRO,44750.292053,72198960
2021-01-24,RES,213466.159728,546705360
2021-01-25,PRO,53562.800013,72224784
2021-01-25,RES,204996.448768,546809220
2021-01-26,PRO,57415.725627,72228336
2021-01-26,RES,215498.415695,546844548
2021-01-27,PRO,53735.052708,72228624
2021-01-27,RES,202310.114354,546888314
2021-01-28,PRO,49821.141000999996,72228720
2021-01-28,RES,172419.372715,546940072
2021-01-29,PRO,47682.071691,72232368
2021-01-29,RES,163673.452135,547025508
2021-01-30,PRO,43008.993963,72237648
2021-01-30,RES,173830.502329,546992304
2021-01-31,PRO,39219.465279000004,72228528
2021-01-31,RES,178727.710618,546915962
2021-02-01,PRO,47020.914778,72262080
2021-02-01,RES,167910.63701,546960660
2021-02-02,PRO,47000.567916,72263424
2021-02-02,RES,158121.704127,546879218
2021-02-03,PRO,45441.925253,72271584
2021-02-03,RES,157373.075278,546888096
2021-02-04,PRO,47204.626174,72280416
2021-02-04,RES,162839.780813,546922936
2021-02-05,PRO,46166.869176,72283872
2021-02-05,RES,160103.967097,547001904
2021-02-06,PRO,41642.114921,72274080
2021-02-06,RES,170951.228908,546976360
2021-02-07,PRO,40653.850633,72269184
2021-02-07,RES,190957.472377,546936720
2021-02-08,PRO,52618.424995,72284208
2021-02-08,RES,203894.641887,547045776
2021-02-09,PRO,56697.4012,72289104
2021-02-09,RES,214292.644988,547044800
2021-02-10,PRO,56596.149785,72291648
2021-02-10,RES,221307.43737,547090126
2021-02-11,PRO,59449.625911,72307344
2021-02-11,RES,231082.054826,547130100
2021-02-12,PRO,59827.06063,72342720
2021-02-12,RES,236290.305556,547212528
2021-02-13,PRO,54698.959242,72342144
2021-02-13,RES,247096.281814,547197832
2021-02-14,PRO,49529.463243,72335136
2021-02-14,RES,243265.454963,547165094
2021-02-15,PRO,53725.987328,72359328
2021-02-15,RES,210245.285518,547271080
2021-02-16,PRO,51337.151193,72373488
2021-02-16,RES,184592.965299,547235568
2021-02-17,PRO,47397.437907,72383328
2021-02-17,RES,169822.80621,547257936
2021-02-18,PRO,48277.154543,72383232
2021-02-18,RES,169336.030875,547300412
2021-02-19,PRO,46363.050506,72384096
2021-02-19,RES,164197.52985,547373274
2021-02-20,PRO,39108.959428,72378336
2021-02-20,RES,154759.305984,547344760
2021-02-21,PRO,34840.506836,72372768
2021-02-21,RES,151175.73059,547302308
2021-02-22,PRO,41849.982647,72385920
2021-02-22,RES,147963.385085,547392384
2021-02-23,PRO,41517.392171,72385872
2021-02-23,RES,137079.842251,547386328
2021-02-24,PRO,39588.03188,72387120
2021-02-24,RES,131549.382067,547406160
2021-02-25,PRO,40322.126582,72394416
2021-02-25,RES,134578.053742,547453280
2021-02-26,PRO,41782.01552,72403152
2021-02-26,RES,144105.735468,547519344
2021-02-27,PRO,39332.686038,72393552
2021-02-27,RES,160929.725418,547458476
2021-02-28,PRO,36256.605805,72377904
2021-02-28,RES,166429.185273,547381008
2021-03-01,PRO,42546.320981,72401616
2021-03-01,RES,156216.279353,547409472
2021-03-02,PRO,43566.83958,72397536
2021-03-02,RES,150788.594355,547229418
2021-03-03,PRO,42411.562664,72391920
2021-03-03,RES,148600.760545,547201486
2021-03-04,PRO,43020.747025,72398160
2021-03-04,RES,148155.663697,547197264
2021-03-05,PRO,45268.636486,72396816
2021-03-05,RES,161341.200642,547255048
2021-03-06,PRO,41821.800832,72394560
2021-03-06,RES,174929.932619,547225490
2021-03-07,PRO,38093.789917,72388608
2021-03-07,RES,178416.279555,547186566
2021-03-08,PRO,45678.660883,72397440
2021-03-08,RES,169233.35456100001,547289038
2021-03-09,PRO,47334.302754,72398832
2021-03-09,RES,167609.603339,547268148
2021-03-10,PRO,46542.384169,72403824
2021-03-10,RES,170854.245364,547274784
2021-03-11,PRO,44557.140071,72440832
2021-03-11,RES,152132.793619,547293778
2021-03-12,PRO,44855.181043,72441216
2021-03-12,RES,156134.046139,547374336
2021-03-13,PRO,40244.407194,72430944
2021-03-13,RES,165313.232498,547362888
2021-03-14,PRO,37404.334146,72424992
2021-03-14,RES,171651.885531,547333630
2021-03-15,PRO,44730.632602,72446208
2021-03-15,RES,161267.150337,547434096
2021-03-16,PRO,46359.081403,72452928
2021-03-16,RES,158078.326666,547404520
2021-03-17,PRO,45339.759629,72463584
2021-03-17,RES,160964.585815,547409232
2021-03-18,PRO,47677.914932,72474912
2021-03-18,RES,168096.470123,547443596
2021-03-19,PRO,47689.025729,72491712
2021-03-19,RES,170976.998869,547515688
2021-03-20,PRO,42414.037091,72484896
2021-03-20,RES,181154.007753,547508968
2021-03-21,PRO,38356.128129,72482208
2021-03-21,RES,181815.604575,547480364
2021-03-22,PRO,45211.760184,72507264
2021-03-22,RES,168583.038949,547572812
2021-03-23,PRO,45086.537967,72517440
2021-03-23,RES,156977.554576,547565608
2021-03-24,PRO,41841.451337,72523200
2021-03-24,RES,148594.920605,547580680
2021-03-25,PRO,41619.277673,72524544
2021-03-25,RES,140414.780916,547611400
2021-03-26,PRO,41283.812447000004,72534864
2021-03-26,RES,142852.047746,547665444
2021-03-27,PRO,37173.750915,72546574
2021-03-27,RES,149735.845562,547657142
2021-03-28,PRO,31635.120522,69519202
2021-03-28,RES,140351.210427,524779682
2021-03-29,PRO,37404.643244,72563084
2021-03-29,RES,125756.173782,547689572
2021-03-30,PRO,36521.417661,72569808
2021-03-30,RES,111921.916889,547702782
2021-03-31,PRO,34431.882496,72595200
2021-03-31,RES,106978.043224,547721040
2021-04-01,PRO,34926.504667,72713132
2021-04-01,RES,102380.093145,548497544
2021-04-02,PRO,35331.320139,72713616
2021-04-02,RES,108026.252859,548512182
2021-04-03,PRO,33563.867266,72715920
2021-04-03,RES,129095.843379,548469016
2021-04-04,PRO,30751.414268,72709392
2021-04-04,RES,136518.372842,548432632
2021-04-05,PRO,32019.135406,72707568
2021-04-05,RES,144555.69804,548457688
2021-04-06,PRO,42227.870618,72718032
2021-04-06,RES,155625.86036,548530980
2021-04-07,PRO,43504.232208,72720144
2021-04-07,RES,162716.738307,548482256
2021-04-08,PRO,41830.297327,72721440
2021-04-08,RES,151675.492475,548520916
2021-04-09,PRO,39796.568498,72728352
2021-04-09,RES,142246.245558,548581548
2021-04-10,PRO,35109.274879,72720192
2021-04-10,RES,143044.34938,548560192
2021-04-11,PRO,33468.742812,72715104
2021-04-11,RES,153259.207236,548520168
2021-04-12,PRO,40641.042962,72722016
2021-04-12,RES,154857.070913,548616988
2021-04-13,PRO,41739.123659,72720288
2021-04-13,RES,151610.169002,548576860
2021-04-14,PRO,41006.518849,72717312
2021-04-14,RES,150131.572527,548601542
2021-04-15,PRO,41188.338542,72724704
2021-04-15,RES,150431.808277,548646368
2021-04-16,PRO,41179.829688,72713664
2021-04-16,RES,154010.40384,548689170
2021-04-17,PRO,36163.750871,72695424
2021-04-17,RES,153074.384444,548654336
2021-04-18,PRO,32570.777597,72690432
2021-04-18,RES,148203.212009,548618956
2021-04-19,PRO,36666.233257,72694272
2021-04-19,RES,134247.268111,548700602
2021-04-20,PRO,36217.174055,72700368
2021-04-20,RES,123847.295373,548680152
2021-04-21,PRO,35204.938266,72696720
2021-04-21,RES,119684.147035,548695376
2021-04-22,PRO,34915.707173,72722016
2021-04-22,RES,115675.430674,548721528
2021-04-23,PRO,33968.329238,72722976
2021-04-23,RES,111345.00182,548783156
2021-04-24,PRO,29959.432503,72732480
2021-04-24,RES,109191.242961,548771784
2021-04-25,PRO,27392.443766,72728448
2021-04-25,RES,111356.759958,548742456
2021-04-26,PRO,33581.35171,72734304
2021-04-26,RES,110175.303823,548819728
2021-04-27,PRO,34689.752931,72730944
2021-04-27,RES,107523.547481,548819444
2021-04-28,PRO,34187.326384,72728544
2021-04-28,RES,109915.394587,548844640
2021-04-29,PRO,35975.89452,72729408
2021-04-29,RES,113594.580599,548878768
2021-04-30,PRO,36507.902113,72732192
2021-04-30,RES,118523.520789,548949956
2021-05-01,PRO,30391.762769,72721008
2021-05-01,RES,130077.638371,548701408
2021-05-02,PRO,29876.937162,72715728
2021-05-02,RES,130763.596458,548614090
2021-05-03,PRO,35438.912618,72736752
2021-05-03,RES,120350.201804,548731316
2021-05-04,PRO,36780.613551,72732240
2021-05-04,RES,116250.29519,548710256
2021-05-05,PRO,36232.125619,72724464
2021-05-05,RES,119398.738181,548745370
2021-05-06,PRO,38380.796227,72733680
2021-05-06,RES,122008.56665,548784464
2021-05-07,PRO,36620.489175,72750768
2021-05-07,RES,116126.525866,548849228
2021-05-08,PRO,28762.054518,72738192
2021-05-08,RES,110340.46843,548812560
2021-05-09,PRO,26307.084061,72734544
2021-05-09,RES,102543.486808,548780772
2021-05-10,PRO,32204.508793,72762096
2021-05-10,RES,98286.843617,548879076
2021-05-11,PRO,34398.686256,72777552
2021-05-11,RES,101133.592915,548867266
2021-05-12,PRO,33973.699021,72784416
2021-05-12,RES,106995.15954000001,548882638
2021-05-13,PRO,33138.470479,84163612
2021-05-13,RES,130445.213453,636938343
2021-05-14,PRO,32423.691548,72793344
2021-05-14,RES,109243.456606,548909392
2021-05-15,PRO,30882.774184,72786624
2021-05-15,RES,113112.8792,548888972
2021-05-16,PRO,27857.298119,72783072
2021-05-16,RES,114228.832491,548845730
2021-05-17,PRO,34295.850223,72799200
2021-05-17,RES,108312.286795,548927844
2021-05-18,PRO,35814.010881,72815328
2021-05-18,RES,105983.404119,548896272
2021-05-19,PRO,36173.470555,72811680
2021-05-19,RES,106558.66597,548926894
2021-05-20,PRO,36123.61978,72816672
2021-05-20,RES,103306.063771,548964336
2021-05-21,PRO,35578.965507,72820800
2021-05-21,RES,102098.147544,549002060
2021-05-22,PRO,31975.050994,72816480
2021-05-22,RES,107512.117595,548972392
2021-05-23,PRO,28114.764491,72810144
2021-05-23,RES,107656.529162,548949744
2021-05-24,PRO,29406.127866,72809568
2021-05-24,RES,109923.711985,548972016
2021-05-25,PRO,36347.53856,72825024
2021-05-25,RES,105705.27894,549017996
2021-05-26,PRO,35482.061932,72842880
2021-05-26,RES,104057.934638,549060584
2021-05-27,PRO,34670.568734,72866016
2021-05-27,RES,95586.107714,549081308
2021-05-28,PRO,33336.509905,72885504
2021-05-28,RES,89468.1698,549134400
2021-05-29,PRO,29131.669999,72886032
2021-05-29,RES,89832.097602,549102424
2021-05-30,PRO,25365.74756,72879984
2021-05-30,RES,89850.375753,549057888
2021-05-31,PRO,30434.830618,72889776
2021-05-31,RES,85076.761463,549120288
2021-06-01,PRO,31871.067723,72907728
2021-06-01,RES,82000.445179,548921040
2021-06-02,PRO,31364.305032,72912816
2021-06-02,RES,83387.013927,548659472
2021-06-03,PRO,32003.957148,72929280
2021-06-03,RES,81736.201196,548671758
2021-06-04,PRO,32155.466672,72949296
2021-06-04,RES,82711.303158,548714150
2021-06-05,PRO,28065.723399,72944880
2021-06-05,RES,86212.920041,548678216
2021-06-06,PRO,24261.403312,72938640
2021-06-06,RES,87911.466785,548660112
2021-06-07,PRO,29753.516685,72976176
2021-06-07,RES,82434.787669,548740848
2021-06-08,PRO,31730.890754,72997056
2021-06-08,RES,80477.880424,548728910
2021-06-09,PRO,31845.531413,73016544
2021-06-09,RES,81052.1121,548733584
2021-06-10,PRO,32447.986764,73025568
2021-06-10,RES,79680.238683,548839776
2021-06-11,PRO,32890.974949,73039488
2021-06-11,RES,80287.798772,548907072
2021-06-12,PRO,29138.145545,73030176
2021-06-12,RES,83354.33009,548912676
2021-06-13,PRO,25163.295023,73022494
2021-06-13,RES,85480.976264,548894332
2021-06-14,PRO,31453.725037,73037566
2021-06-14,RES,82964.347213,548956828
2021-06-15,PRO,33966.962126,73043232
2021-06-15,RES,82338.10269100001,549012316
2021-06-16,PRO,33913.363469,73062240
2021-06-16,RES,84313.940319,549005616
2021-06-17,PRO,33956.645646,73074144
2021-06-17,RES,82049.20646,549030192
2021-06-18,PRO,33849.532535,73074528
2021-06-18,RES,82071.643613,549096428
2021-06-19,PRO,29548.563312,73067136
2021-06-19,RES,86144.526914,549077132
2021-06-20,PRO,25184.13534,73060800
2021-06-20,RES,86351.190648,549064398
2021-06-21,PRO,30771.795756,73074816
2021-06-21,RES,81833.403663,549148272
2021-06-22,PRO,32485.565068,73067136
2021-06-22,RES,81113.045831,549127436
2021-06-23,PRO,31734.628127,73073664
2021-06-23,RES,82667.380166,549123202
2021-06-24,PRO,32051.859538,73073280
2021-06-24,RES,80537.687075,549135884
2021-06-25,PRO,32112.984409,73074240
2021-06-25,RES,81238.494073,549190416
2021-06-26,PRO,28632.152482,73062720
2021-06-26,RES,83790.919369,549138764
2021-06-27,PRO,24923.271839,73056864
2021-06-27,RES,86593.195124,549107952
2021-06-28,PRO,30404.633541,73089216
2021-06-28,RES,83063.646951,549195024
2021-06-29,PRO,32108.906596,73091328
2021-06-29,RES,81635.793312,549130992
2021-06-30,PRO,31670.172842,73084896
2021-06-30,RES,82383.507059,549111792
2021-07-01,PRO,31752.366685,73055040
2021-07-01,RES,76654.060076,548810204
2021-07-02,PRO,31974.805698,73047984
2021-07-02,RES,76566.109791,548607308
2021-07-03,PRO,28360.539003,73033440
2021-07-03,RES,78558.955678,548495848
2021-07-04,PRO,24501.634733,73020672
2021-07-04,RES,81070.248519,548444768
2021-07-05,PRO,30079.161778,73032336
2021-07-05,RES,77490.877368,548570410
2021-07-06,PRO,31708.583589,73052592
2021-07-06,RES,76188.413267,548471604
2021-07-07,PRO,31134.219975,73052544
2021-07-07,RES,76378.739906,548467406
2021-07-08,PRO,31220.340403,73051680
2021-07-08,RES,75244.218794,548429034
2021-07-09,PRO,31165.327215,73054848
2021-07-09,RES,75125.743597,548449824
2021-07-10,PRO,27976.501453,73047360
2021-07-10,RES,76756.631181,548382380
2021-07-11,PRO,24417.003357,73038720
2021-07-11,RES,77850.856511,548334924
2021-07-12,PRO,29491.794702,73044384
2021-07-12,RES,75568.302438,548442480
2021-07-13,PRO,30871.864792,73042560
2021-07-13,RES,74339.686174,548380882
2021-07-14,PRO,25248.607447,73025376
2021-07-14,RES,77583.585135,548261472
2021-07-15,PRO,30707.86139,73050624
2021-07-15,RES,73966.233222,548360442
2021-07-16,PRO,30800.265038,73052832
2021-07-16,RES,73328.046796,548355236
2021-07-17,PRO,27841.001487,73034208
2021-07-17,RES,73907.46629,548268764
2021-07-18,PRO,24645.024742,73027488
2021-07-18,RES,75115.019854,548215100
2021-07-19,PRO,29987.625215,73030704
2021-07-19,RES,73962.530649,548314944
2021-07-20,PRO,31926.127773,73024656
2021-07-20,RES,73037.47302,548282160
2021-07-21,PRO,32047.307446,73015920
2021-07-21,RES,73223.37194,548237228
2021-07-22,PRO,32431.260677,73010448
2021-07-22,RES,73048.696335,548230992
2021-07-23,PRO,32149.68433,73004592
2021-07-23,RES,72959.751779,548259752
2021-07-24,PRO,28202.829229,72992208
2021-07-24,RES,73643.292266,548210154
2021-07-25,PRO,24203.551799,72986448
2021-07-25,RES,74475.581782,548169516
2021-07-26,PRO,28908.831196,72989424
2021-07-26,RES,71936.228239,548263820
2021-07-27,PRO,30578.212689,72994416
2021-07-27,RES,71034.85864,548240784
2021-07-28,PRO,30002.211193,73004976
2021-07-28,RES,70155.460791,548231856
2021-07-29,PRO,30356.034073,73007520
2021-07-29,RES,70017.843851,548223780
2021-07-30,PRO,30342.819467,73016832
2021-07-30,RES,70719.041945,548257584
2021-07-31,PRO,26984.153179,73000224
2021-07-31,RES,71541.058741,548072678
2021-08-01,PRO,23510.72357,72995904
2021-08-01,RES,72118.129315,547856208
2021-08-02,PRO,27129.507347,73002144
2021-08-02,RES,69688.666109,547930320
2021-08-03,PRO,28545.88835,72991584
2021-08-03,RES,69437.181797,547840408
2021-08-04,PRO,28306.025848,72987648
2021-08-04,RES,69622.088929,547797158
2021-08-05,PRO,28476.653261,72979968
2021-08-05,RES,68854.015326,547804410
2021-08-06,PRO,28603.056566,72984576
2021-08-06,RES,69162.921043,547804506
2021-08-07,PRO,25960.476409,72918240
2021-08-07,RES,70490.418088,547742876
2021-08-08,PRO,23105.643317000002,72915360
2021-08-08,RES,70993.755885,547706872
2021-08-09,PRO,26374.785207,72923136
2021-08-09,RES,69158.204011,547801114
2021-08-10,PRO,27898.246005,72907104
2021-08-10,RES,68487.997906,547781520
2021-08-11,PRO,28159.65368,72906432
2021-08-11,RES,69202.726322,547744752
2021-08-12,PRO,28836.40145,72903168
2021-08-12,RES,69701.959825,547727760
2021-08-13,PRO,29010.145279,72911040
2021-08-13,RES,70926.474348,547764144
2021-08-14,PRO,27170.393803,72917280
2021-08-14,RES,72900.863374,547726892
2021-08-15,PRO,24104.423174,72918048
2021-08-15,RES,73769.091092,547709136
2021-08-16,PRO,27035.640634,72919968
2021-08-16,RES,71160.19875,547801194
2021-08-17,PRO,27936.94739,72908832
2021-08-17,RES,69688.697995,547778448
2021-08-18,PRO,27832.950528,72911520
2021-08-18,RES,69909.081746,547785744
2021-08-19,PRO,28194.872924,72917568
2021-08-19,RES,70071.30035,547800144
2021-08-20,PRO,28576.30821,72913152
2021-08-20,RES,70570.416247,547875120
2021-08-21,PRO,26673.86486,72905856
2021-08-21,RES,72217.57976,547824140
2021-08-22,PRO,23911.836661,72902784
2021-08-22,RES,74557.497049,547818096
2021-08-23,PRO,27943.742654,72917376
2021-08-23,RES,72618.182586,547942506
2021-08-24,PRO,29475.305839,72937728
2021-08-24,RES,71407.258974,547956624
2021-08-25,PRO,29580.572166,72948864
2021-08-25,RES,71705.165052,547961712
2021-08-26,PRO,30022.488996,72964032
2021-08-26,RES,72182.369106,548015856
2021-08-27,PRO,29919.307943,72971904
2021-08-27,RES,72990.069541,548129232
2021-08-28,PRO,27468.710493,72963936
2021-08-28,RES,75561.907817,548137004
2021-08-29,PRO,24252.91864,72959760
2021-08-29,RES,77769.894973,548114448
2021-08-30,PRO,29054.074619,72976272
2021-08-30,RES,75555.371928,548265648
2021-08-31,PRO,30795.679423,72990672
2021-08-31,RES,74464.566233,548279472
2021-09-01,PRO,30966.889824,73013904
2021-09-01,RES,75156.339342,548154188
2021-09-02,PRO,31562.378328,73009584
2021-09-02,RES,74167.837462,548132112
2021-09-03,PRO,32022.214695,73003440
2021-09-03,RES,73929.663111,548289738
2021-09-04,PRO,28586.853612,72988944
2021-09-04,RES,77238.135366,548283492
2021-09-05,PRO,25028.564714,72980016
2021-09-05,RES,79528.394086,548279376
2021-09-06,PRO,31131.95501,72995376
2021-09-06,RES,76042.408577,548430096
2021-09-07,PRO,33248.889153,72990192
2021-09-07,RES,75099.236331,548432688
2021-09-08,PRO,32772.525118,73006128
2021-09-08,RES,76768.22865,548450348
2021-09-09,PRO,33115.822615,73002672
2021-09-09,RES,75244.481245,548483856
2021-09-10,PRO,32962.775555,73008528
2021-09-10,RES,75500.208594,548588688
2021-09-11,PRO,28982.351335,72999216
2021-09-11,RES,78216.600529,548580908
2021-09-12,PRO,25169.26909,72992976
2021-09-12,RES,80313.380995,548588400
2021-09-13,PRO,30936.513357,73004112
2021-09-13,RES,76166.098501,548713584
2021-09-14,PRO,33095.461336,73000560
2021-09-14,RES,75231.3721,548748736
2021-09-15,PRO,32655.888405,72990000
2021-09-15,RES,77474.472862,548859884
2021-09-16,PRO,32859.391387,73004880
2021-09-16,RES,75145.673145,548882928
2021-09-17,PRO,32779.488833,73016880
2021-09-17,RES,75014.301405,548952048
2021-09-18,PRO,29213.201178,72988080
2021-09-18,RES,78654.904061,548971148
2021-09-19,PRO,25300.819376,72984432
2021-09-19,RES,82063.765922,548976528
2021-09-20,PRO,30987.753529,73015056
2021-09-20,RES,77541.299314,549093456
2021-09-21,PRO,32539.723599,73023408
2021-09-21,RES,76219.764328,549111696
2021-09-22,PRO,32178.129254,73037328
2021-09-22,RES,77949.824631,549170828
2021-09-23,PRO,32915.956311,73038000
2021-09-23,RES,76245.976981,549243120
2021-09-24,PRO,33178.011303,73037712
2021-09-24,RES,75920.543956,549354576
2021-09-25,PRO,29663.045327,73036944
2021-09-25,RES,79657.257501,549359852
2021-09-26,PRO,25646.224026,73030896
2021-09-26,RES,82809.52315,549354480
2021-09-27,PRO,31402.818623,73037904
2021-09-27,RES,77929.85832,549462960
2021-09-28,PRO,33284.277077,73050288
2021-09-28,RES,77462.59249,549481292
2021-09-29,PRO,33107.890048,73049232
2021-09-29,RES,80035.029795,549505772
2021-09-30,PRO,34286.930444,73064976
2021-09-30,RES,81413.662441,549561360
2021-10-01,PRO,35293.788948,73057584
2021-10-01,RES,90766.441459,549470400
2021-10-02,PRO,31076.431514,73041840
2021-10-02,RES,95537.80307,549372572
2021-10-03,PRO,27101.60788,73033488
2021-10-03,RES,99367.947693,549338784
2021-10-04,PRO,33828.85574,73054032
2021-10-04,RES,94963.202614,549468192
2021-10-05,PRO,36300.228013,73060464
2021-10-05,RES,95115.93002,549476064
2021-10-06,PRO,36197.035544,73066032
2021-10-06,RES,99354.464005,549520844
2021-10-07,PRO,37117.162109,73066704
2021-10-07,RES,98450.480354,549544608
2021-10-08,PRO,37020.636296,73068048
2021-10-08,RES,98366.322951,549640128
2021-10-09,PRO,32735.340235,73051920
2021-10-09,RES,102690.362846,549647036
2021-10-10,PRO,29027.65133,73044816
2021-10-10,RES,108029.477448,549646656
2021-10-11,PRO,35956.026607,73056624
2021-10-11,RES,103424.862334,549743328
2021-10-12,PRO,38792.022005,73062096
2021-10-12,RES,105306.953006,549793248
2021-10-13,PRO,38254.818503,73057584
2021-10-13,RES,108499.683324,549859580
2021-10-14,PRO,39981.456322,73087536
2021-10-14,RES,110191.508845,549907680
2021-10-15,PRO,40003.962673,73088016
2021-10-15,RES,111138.708783,550005504
2021-10-16,PRO,35044.786523,73066224
2021-10-16,RES,114939.141891,549997724
2021-10-17,PRO,31118.469214,73060944
2021-10-17,RES,118917.423448,549990432
2021-10-18,PRO,37873.555599,73099248
2021-10-18,RES,111414.088007,550088064
2021-10-19,PRO,37696.93247,73093968
2021-10-19,RES,99929.659707,550068480
2021-10-20,PRO,15987.355719,30799186
2021-10-20,RES,47080.631366,230592793
2021-10-21,PRO,38813.941484,73090896
2021-10-21,RES,103291.03681,550147290
2021-10-22,PRO,40662.193377,73091280
2021-10-22,RES,114196.94585,550232064
2021-10-23,PRO,36241.640606,73096848
2021-10-23,RES,122299.532897,550238012
2021-10-24,PRO,32830.011918,73089264
2021-10-24,RES,129638.54999,550221746
2021-10-25,PRO,38981.782301,73102512
2021-10-25,RES,121858.342747,550323744
2021-10-26,PRO,40150.452535,73109616
2021-10-26,RES,116855.363201,550361952
2021-10-27,PRO,39927.484867,73129872
2021-10-27,RES,117363.062957,550437980
2021-10-28,PRO,40300.381235,73138464
2021-10-28,RES,117493.71798,550494240
2021-10-29,PRO,39617.064636,73149888
2021-10-29,RES,117157.942451,550600320
2021-10-30,PRO,35258.799413,73134048
2021-10-30,RES,119017.986071,550583708
2021-10-31,PRO,32767.30346,76049460
2021-10-31,RES,123656.812411,573152992
2021-11-01,PRO,32787.410612,73120032
2021-11-01,RES,126698.099802,550436640
2021-11-02,PRO,41977.924011,73138512
2021-11-02,RES,129935.85927,550499712
2021-11-03,PRO,43373.101707,73153776
2021-11-03,RES,136187.953785,550477916
2021-11-04,PRO,45189.808688,73169616
2021-11-04,RES,145054.779059,550557504
2021-11-05,PRO,45336.021732,73168944
2021-11-05,RES,147762.149998,550634784
2021-11-06,PRO,41617.773589,73158144
2021-11-06,RES,158922.146894,550641692
2021-11-07,PRO,36034.96301,73151712
2021-11-07,RES,157457.900621,550635552
2021-11-08,PRO,44342.292822,73166880
2021-11-08,RES,147329.578092,550726080
2021-11-09,PRO,47215.10229,73215888
2021-11-09,RES,150063.751025,550756224
2021-11-10,PRO,47630.405134,73197360
2021-11-10,RES,157744.422392,550845408
2021-11-11,PRO,39640.109572,73185168
2021-11-11,RES,160006.2794,550834992
2021-11-12,PRO,46144.15349,73192032
2021-11-12,RES,154294.525541,550919276
2021-11-13,PRO,40058.929005,73187952
2021-11-13,RES,146935.739606,550924076
2021-11-14,PRO,35295.233304,73183440
2021-11-14,RES,148081.800908,550912944
2021-11-15,PRO,45516.164859,73207248
2021-11-15,RES,150140.919906,551006064
2021-11-16,PRO,47985.008493,73205184
2021-11-16,RES,151222.950611,550988688
2021-11-17,PRO,46663.066466,73211040
2021-11-17,RES,152644.438907,551056848
2021-11-18,PRO,47783.244529,73223040
2021-11-18,RES,152011.714755,551141904
2021-11-19,PRO,47768.064857,73238112
2021-11-19,RES,154244.972408,551214192
2021-11-20,PRO,43192.388869,73229568
2021-11-20,RES,164576.940623,551231756
2021-11-21,PRO,39092.950497,73222368
2021-11-21,RES,171717.300448,551220624
2021-11-22,PRO,48859.489895,73237536
2021-11-22,RES,169288.326679,551306460
2021-11-23,PRO,51820.703012,73247808
2021-11-23,RES,172881.3204,551306074
2021-11-24,PRO,51257.740294,73258368
2021-11-24,RES,175910.562102,551376526
2021-11-25,PRO,52932.047907,73259232
2021-11-25,RES,177608.445339,551461392
2021-11-26,PRO,53316.604426,73273536
2021-11-26,RES,181127.722225,551528880
2021-11-27,PRO,48234.814468,73268352
2021-11-27,RES,193157.710666,551541360
2021-11-28,PRO,44115.538769,73264512
2021-11-28,RES,202496.764906,551536846
2021-11-29,PRO,54305.026732,73286640
2021-11-29,RES,198209.242001,551617824
2021-11-30,PRO,56142.883293,73296240
2021-11-30,RES,193892.257389,551661788
2021-12-01,PRO,52107.115129,73275024
2021-12-01,RES,178383.990921,551571360
2021-12-02,PRO,54565.227417,73272144
2021-12-02,RES,182387.829721,551531712
2021-12-03,PRO,55795.364024,73284624
2021-12-03,RES,192527.832858,551649502
2021-12-04,PRO,46761.374289,73280784
2021-12-04,RES,179221.002319,551674176
2021-12-05,PRO,43951.014443,73273776
2021-12-05,RES,192166.579863,551672448
2021-12-06,PRO,52352.042115,73297104
2021-12-06,RES,183422.409557,551748768
2021-12-07,PRO,54651.375169,73302288
2021-12-07,RES,180769.423196,551759520
2021-12-08,PRO,54017.395685999996,73297632
2021-12-08,RES,183030.787374,551806656
2021-12-09,PRO,55625.77443,73315104
2021-12-09,RES,187519.921119,551861088
2021-12-10,PRO,54924.097495,73319328
2021-12-10,RES,185538.250608,551942832
2021-12-11,PRO,48664.986458,73303872
2021-12-11,RES,190377.142366,551946576
2021-12-12,PRO,42474.702102,73297440
2021-12-12,RES,182563.705018,551949744
2021-12-13,PRO,50380.237855,73316640
2021-12-13,RES,171828.986712,552032304
2021-12-14,PRO,53276.039441,73322208
2021-12-14,RES,175074.785036,552070608
2021-12-15,PRO,52872.383098,73329408
2021-12-15,RES,178526.934031,552153456
2021-12-16,PRO,53522.991572,73331376
2021-12-16,RES,176001.958085,552150576
2021-12-17,PRO,53611.620187,73326000
2021-12-17,RES,179928.659546,552241776
2021-12-18,PRO,47832.487356,73316496
2021-12-18,RES,187888.863799,552227568
2021-12-19,PRO,44563.778291,73308432
2021-12-19,RES,196716.146989,552199822
2021-12-20,PRO,53231.339728,73328784
2021-12-20,RES,197514.770966,552280656
2021-12-21,PRO,56314.846132,73338672
2021-12-21,RES,205063.933027,552235536
2021-12-22,PRO,57451.909181,73344816
2021-12-22,RES,216570.158123,552246184
2021-12-23,PRO,53811.845608,73351344
2021-12-23,RES,201026.805361,552227760
2021-12-24,PRO,45673.096969,73347504
2021-12-24,RES,182637.703739,552217870
2021-12-25,PRO,37572.712883,73338768
2021-12-25,RES,168778.763962,552153360
2021-12-26,PRO,37454.032866,73336272
2021-12-26,RES,164131.480533,552139920
2021-12-27,PRO,42584.801387,73339440
2021-12-27,RES,162567.332734,552219792
2021-12-28,PRO,43554.787335,73331952
2021-12-28,RES,157057.584204,552252336
2021-12-29,PRO,42014.215952,73330224
2021-12-29,RES,148756.33319,552281424
2021-12-30,PRO,40372.242701,73328304
2021-12-30,RES,139273.044925,552275328
2021-12-31,PRO,39637.144874,73251120
2021-12-31,RES,150234.909623,552243742
2022-01-01,PRO,34838.381293,73326912
2022-01-01,RES,148413.969831,551985596
2022-01-02,PRO,35289.049816,73318368
2022-01-02,RES,152593.348218,551937300
2022-01-03,PRO,44059.025668,73329216
2022-01-03,RES,147937.749397,552049148
2022-01-04,PRO,47346.520051,73336608
2022-01-04,RES,151272.240885,552068248
2022-01-05,PRO,50464.374673,73335360
2022-01-05,RES,173948.100872,552128348
2022-01-06,PRO,53650.557085,73338672
2022-01-06,RES,186525.936339,552166172
2022-01-07,PRO,53605.591154,73336656
2022-01-07,RES,188204.440327,552256028
2022-01-08,PRO,46599.802679,73331088
2022-01-08,RES,186468.52124,552274378
2022-01-09,PRO,42035.168032,73327056
2022-01-09,RES,186843.920368,552270768
2022-01-10,PRO,50932.533687,73344864
2022-01-10,RES,180459.430046,552350596
2022-01-11,PRO,54205.260717,73371168
2022-01-11,RES,184992.655953,552388832
2022-01-12,PRO,55052.740743,73378560
2022-01-12,RES,196372.068622,552431612
2022-01-13,PRO,56460.537024,73393056
2022-01-13,RES,201000.277583,552484124
2022-01-14,PRO,57229.876282,73407168
2022-01-14,RES,206206.596899,552579644
2022-01-15,PRO,51574.757461,73397760
2022-01-15,RES,215710.953418,552596244
2022-01-16,PRO,46748.884779,73383264
2022-01-16,RES,218001.047802,552565926
2022-01-17,PRO,54132.725562,73406592
2022-01-17,RES,199746.489828,552632920
2022-01-18,PRO,56353.381934,73404960
2022-01-18,RES,196519.014833,552642812
2022-01-19,PRO,54982.28652,73401216
2022-01-19,RES,197268.25294,552705980
2022-01-20,PRO,54986.095861,73402080
2022-01-20,RES,191115.689622,552763676
2022-01-21,PRO,55910.133181,73404336
2022-01-21,RES,199226.457927,552837212
2022-01-22,PRO,50168.198725,73403664
2022-01-22,RES,206905.425348,552854778
2022-01-23,PRO,44995.770239,73396944
2022-01-23,RES,206904.396157,552857472
2022-01-24,PRO,54203.011529,73420080
2022-01-24,RES,201040.792617,552934368
2022-01-25,PRO,57972.582675,73434096
2022-01-25,RES,206415.256051,552953568
2022-01-26,PRO,57536.9095,73437168
2022-01-26,RES,209821.175929,553002624
2022-01-27,PRO,57754.85441,73456368
2022-01-27,RES,205233.253137,553052544
2022-01-28,PRO,55488.094726,73469088
2022-01-28,RES,195479.504349,553148256
2022-01-29,PRO,48489.041722,73456224
2022-01-29,RES,192929.949916,553163136
2022-01-30,PRO,42335.531619,73448832
2022-01-30,RES,186134.906057,553143840
2022-01-31,PRO,51068.776585,73464768
2022-01-31,RES,181073.278238,553204032
2022-02-01,PRO,54057.441894,73442064
2022-02-01,RES,182663.927874,553068096
2022-02-02,PRO,49803.097551,73451088
2022-02-02,RES,167267.28075,553066560
2022-02-03,PRO,50748.73511,73474512
2022-02-03,RES,166128.70277,553111488
2022-02-04,PRO,50140.379054,73473168
2022-02-04,RES,165945.143,553205280
2022-02-05,PRO,45347.658693,73458960
2022-02-05,RES,174209.887976,553224188
2022-02-06,PRO,41064.155599,73450224
2022-02-06,RES,180022.626068,553216988
2022-02-07,PRO,47340.844301,73477104
2022-02-07,RES,162768.996404,553301856
2022-02-08,PRO,49761.949982,73483440
2022-02-08,RES,163430.514049,553308000
2022-02-09,PRO,48916.129961,73496304
2022-02-09,RES,163722.192442,553352928
2022-02-10,PRO,49128.866675,73510320
2022-02-10,RES,161443.061356,553410816
2022-02-11,PRO,49845.704637,73521264
2022-02-11,RES,167311.292069,553489632
2022-02-12,PRO,46295.257036,73518096
2022-02-12,RES,181685.747128,553510076
2022-02-13,PRO,40707.626341,73503696
2022-02-13,RES,179160.446696,553500766
2022-02-14,PRO,47092.022624,73531440
2022-02-14,RES,161448.051881,553576224
2022-02-15,PRO,49784.857651,73541280
2022-02-15,RES,164974.100869,553586160
2022-02-16,PRO,47475.457952,73544880
2022-02-16,RES,156535.850058,553621680
2022-02-17,PRO,44923.114621,73553040
2022-02-17,RES,141716.048454,553663344
2022-02-18,PRO,44841.75844,73552320
2022-02-18,RES,143842.511994,553753200
2022-02-19,PRO,42426.109201,73538016
2022-02-19,RES,159889.886928,553763088
2022-02-20,PRO,37586.871176,73527168
2022-02-20,RES,160061.221894,553754616
2022-02-21,PRO,45938.44493,73555776
2022-02-21,RES,157074.698456,553829424
2022-02-22,PRO,47427.042318,73579872
2022-02-22,RES,152469.726082,553825104
2022-02-23,PRO,45537.426044,73579200
2022-02-23,RES,148525.91273,553863696
2022-02-24,PRO,46616.47256,73600224
2022-02-24,RES,150534.982664,553901136
2022-02-25,PRO,47712.408964,73595424
2022-02-25,RES,159441.339298,553977744
2022-02-26,PRO,43806.737249,73590192
2022-02-26,RES,168125.533861,553953646
2022-02-27,PRO,39603.64773,73583184
2022-02-27,RES,171567.246049,553920624
2022-02-28,PRO,46103.201935,73609680
2022-02-28,RES,159305.399714,553983792
2022-03-01,PRO,47531.365326,73584048
2022-03-01,RES,153300.127759,553777872
2022-03-02,PRO,46381.042435,73584288
2022-03-02,RES,151206.480188,553710576
2022-03-03,PRO,45994.587051,73581312
2022-03-03,RES,144383.921461,553727376
2022-03-04,PRO,45755.389497,73570416
2022-03-04,RES,145920.047193,553783920
2022-03-05,PRO,42238.781789,73561296
2022-03-05,RES,158308.307602,553792368
2022-03-06,PRO,39135.584842,73555056
2022-03-06,RES,168423.764544,553779024
2022-03-07,PRO,48700.164338,73564848
2022-03-07,RES,170196.46356,553860328
2022-03-08,PRO,50030.172168,73563888
2022-03-08,RES,164483.062436,553863792
2022-03-09,PRO,46414.945535,73566576
2022-03-09,RES,151505.504358,553880448
2022-03-10,PRO,45301.016629,73577136
2022-03-10,RES,140623.111015,553898496
2022-03-11,PRO,45090.489853,73586784
2022-03-11,RES,140930.301034,553949664
2022-03-12,PRO,40644.136333,73576992
2022-03-12,RES,148477.467619,553961088
2022-03-13,PRO,36691.469758,73570080
2022-03-13,RES,154769.147309,553957152
2022-03-14,PRO,43524.438951000004,73590624
2022-03-14,RES,143823.147149,554032416
2022-03-15,PRO,44268.294159,73595616
2022-03-15,RES,133740.263163,554060640
2022-03-16,PRO,42910.016582,73597296
2022-03-16,RES,133419.683814,554066016
2022-03-17,PRO,44605.731969,73613424
2022-03-17,RES,135871.357594,554077824
2022-03-18,PRO,44625.466464,73634064
2022-03-18,RES,139581.790689,554158464
2022-03-19,PRO,38532.518573,73623696
2022-03-19,RES,138622.448454,554172096
2022-03-20,PRO,34357.622316,73618032
2022-03-20,RES,141901.742045,554170464
2022-03-21,PRO,39648.474288,73633392
2022-03-21,RES,127077.309209,554233152
2022-03-22,PRO,40667.120674,73650384
2022-03-22,RES,121605.221017,554224320
2022-03-23,PRO,39801.072108,73669152
2022-03-23,RES,123088.014476,554258300
2022-03-24,PRO,39909.989645,73674720
2022-03-24,RES,119313.151177,554278844
2022-03-25,PRO,38961.371536,73673088
2022-03-25,RES,116106.027403,554341344
2022-03-26,PRO,34283.974955,73665216
2022-03-26,RES,117221.684606,554338944
2022-03-27,PRO,28850.596754,70590404
2022-03-27,RES,111522.346257,531231092
2022-03-28,PRO,35921.645819,73682884
2022-03-28,RES,108040.767592,554364640
2022-03-29,PRO,37809.222417,73686240
2022-03-29,RES,107351.783072,554392704
2022-03-30,PRO,39070.687074,73684032
2022-03-30,RES,117118.188679,554426208
2022-03-31,PRO,43004.615859,73697376
2022-03-31,RES,129964.878406,554463648
2022-04-01,PRO,49121.026058999996,73702128
2022-04-01,RES,160236.920832,554389528
2022-04-02,PRO,45147.489722,73686672
2022-04-02,RES,175058.873438,554316668
2022-04-03,PRO,40369.988434,73675248
2022-04-03,RES,177159.53829,554308788
2022-04-04,PRO,47221.728016,73692528
2022-04-04,RES,162108.335883,554386368
2022-04-05,PRO,46490.927755,73706352
2022-04-05,RES,144126.834259,554335096
2022-04-06,PRO,43934.93658,73715184
2022-04-06,RES,137379.117928,554356800
2022-04-07,PRO,43610.03035,73718928
2022-04-07,RES,129456.833698,554388376
2022-04-08,PRO,44101.068907,73712976
2022-04-08,RES,131867.314098,554449440
2022-04-09,PRO,40029.637893,73701360
2022-04-09,RES,141287.168306,554455964
2022-04-10,PRO,35401.280547,73694160
2022-04-10,RES,139814.470943,554448188
2022-04-11,PRO,39046.958776,73716912
2022-04-11,RES,121896.205983,554515868
2022-04-12,PRO,38549.664111,73735536
2022-04-12,RES,109000.614875,554484668
2022-04-13,PRO,37619.542500999996,73747440
2022-04-13,RES,106470.848205,554515100
2022-04-14,PRO,36509.938765,73746288
2022-04-14,RES,98970.561999,554570380
2022-04-15,PRO,35137.437951,73761936
2022-04-15,RES,94083.38706,554635964
2022-04-16,PRO,31304.709017,73741488
2022-04-16,RES,93879.276916,554583766
2022-04-17,PRO,27947.627457,73737840
2022-04-17,RES,94057.773013,554567804
2022-04-18,PRO,28054.881275,73740720
2022-04-18,RES,95841.340918,554565882
2022-04-19,PRO,35293.389457,73753392
2022-04-19,RES,95363.284001,554619068
2022-04-20,PRO,35731.743773,73763472
2022-04-20,RES,98860.563788,554659388
2022-04-21,PRO,35888.641379,73766352
2022-04-21,RES,96788.072631,554670620
2022-04-22,PRO,35019.853774,73781760
2022-04-22,RES,94084.946079,554709212
2022-04-23,PRO,31780.00104,73765536
2022-04-23,RES,100469.945912,554703736
2022-04-24,PRO,28811.447375,73758960
2022-04-24,RES,104625.957524,554682040
2022-04-25,PRO,34453.516135,73778256
2022-04-25,RES,98717.344917,554756640
2022-04-26,PRO,35788.209235,73782096
2022-04-26,RES,95682.557303,554759564
2022-04-27,PRO,34984.397137,73790928
2022-04-27,RES,94431.012439,554758508
2022-04-28,PRO,34934.478887,73805328
2022-04-28,RES,90268.778225,554739692
2022-04-29,PRO,34472.49175,73801008
2022-04-29,RES,88882.059271,554747852
2022-04-30,PRO,31121.195292,73789680
2022-04-30,RES,92525.16393,554661356
2022-05-01,PRO,27344.706406,73755888
2022-05-01,RES,95723.528708,554489132
2022-05-02,PRO,32299.320622,73783536
2022-05-02,RES,89394.347378,554524268
2022-05-03,PRO,33942.414722,73791216
2022-05-03,RES,85775.61586,554477612
2022-05-04,PRO,33721.889778,73803504
2022-05-04,RES,87106.818198,554514188
2022-05-05,PRO,34257.448921,73824432
2022-05-05,RES,85879.136799,554496812
2022-05-06,PRO,33932.28931,73833744
2022-05-06,RES,85273.017178,554550284
2022-05-07,PRO,29972.996455,73838928
2022-05-07,RES,86148.405171,554527440
2022-05-08,PRO,26185.752037,73833456
2022-05-08,RES,87370.061618,554497488
2022-05-09,PRO,31113.79686,73843344
2022-05-09,RES,80793.472202,554579568
2022-05-10,PRO,32390.254733,73853808
2022-05-10,RES,77304.245118,554593680
2022-05-11,PRO,31991.356714,73852128
2022-05-11,RES,78271.69455,554601264
2022-05-12,PRO,32320.724481,73855584
2022-05-12,RES,76957.448042,554627952
2022-05-13,PRO,32340.33583,73869888
2022-05-13,RES,77228.350633,554651852
2022-05-14,PRO,28931.661393,73864224
2022-05-14,RES,80290.119862,554654160
2022-05-15,PRO,25251.560196,73856352
2022-05-15,RES,81741.922456,554645040
2022-05-16,PRO,30383.392849,73867296
2022-05-16,RES,77214.968792,554714928
2022-05-17,PRO,32448.98126,73873584
2022-05-17,RES,75529.881725,554702928
2022-05-18,PRO,32484.020783,73877808
2022-05-18,RES,77689.242998,554744592
2022-05-19,PRO,33111.962651,73882848
2022-05-19,RES,75937.555646,554774352
2022-05-20,PRO,33045.668648,73886784
2022-05-20,RES,76594.539762,554833296
2022-05-21,PRO,29219.094937,73872864
2022-05-21,RES,79127.211677,554842704
2022-05-22,PRO,25163.402489,73866432
2022-05-22,RES,82044.884674,554822256
2022-05-23,PRO,30246.187075,73874208
2022-05-23,RES,78075.741858,554896944
2022-05-24,PRO,31454.464802,73882560
2022-05-24,RES,76838.090867,554938704
2022-05-25,PRO,30950.194993,73879296
2022-05-25,RES,78467.89689,554972688
2022-05-26,PRO,25690.048828,73857600
2022-05-26,RES,80304.068662,554949744
2022-05-27,PRO,29570.89861,73855296
2022-05-27,RES,77877.262898,554989488
2022-05-28,PRO,28074.793222,73848480
2022-05-28,RES,78433.372507,554989296
2022-05-29,PRO,24728.086007,73840992
2022-05-29,RES,81909.751039,554958000
2022-05-30,PRO,29712.773276,73852704
2022-05-30,RES,79416.095697,555017232
2022-05-31,PRO,31529.991529,73868928
2022-05-31,RES,77330.357014,554999376
2022-06-01,PRO,31272.05597,73845120
2022-06-01,RES,78185.288318,554819184
2022-06-02,PRO,31933.783068,73856736
2022-06-02,RES,75901.346003,554751408
2022-06-03,PRO,32201.154402,73866480
2022-06-03,RES,76096.490126,554792784
2022-06-04,PRO,28720.19292,73853616
2022-06-04,RES,78377.029609,554770320
2022-06-05,PRO,24682.388358,73845072
2022-06-05,RES,79645.147671,554761200
2022-06-06,PRO,24973.890923,73844496
2022-06-06,RES,81116.73643,554761392
2022-06-07,PRO,31458.950272,73861296
2022-06-07,RES,76024.058614,554791728
2022-06-08,PRO,31266.821617,73877232
2022-06-08,RES,77334.311775,554824176
2022-06-09,PRO,31442.508722,73871376
2022-06-09,RES,75474.659033,554832912
2022-06-10,PRO,31776.959732,73870320
2022-06-10,RES,75509.172777,554868240
2022-06-11,PRO,28557.535046,73861392
2022-06-11,RES,78190.850697,554842992
2022-06-12,PRO,24891.642177,73856112
2022-06-12,RES,80677.942112,554811888
2022-06-13,PRO,30373.620917,73859856
2022-06-13,RES,77814.402975,554870160
2022-06-14,PRO,32447.050906,73871472
2022-06-14,RES,76652.326995,554875824
2022-06-15,PRO,32921.975912,73878960
2022-06-15,RES,78898.505905,554913552
2022-06-16,PRO,34035.848822,73878768
2022-06-16,RES,78783.015385,554917392
2022-06-17,PRO,34737.307374,73902480
2022-06-17,RES,81224.980152,554932272
2022-06-18,PRO,31014.954612,73899696
2022-06-18,RES,85152.445516,554943408
2022-06-19,PRO,26241.777146,73881744
2022-06-19,RES,86068.020659,554921712
2022-06-20,PRO,31472.948912,73894320
2022-06-20,RES,80445.820424,554989392
2022-06-21,PRO,33110.369043,73903392
2022-06-21,RES,77185.05029,554990352
2022-06-22,PRO,32452.934415,73900128
2022-06-22,RES,77981.803045,554998512
2022-06-23,PRO,32686.85049,73911264
2022-06-23,RES,76299.30918,555008976
2022-06-24,PRO,32264.117975,73917600
2022-06-24,RES,75891.43523,555060912
2022-06-25,PRO,28332.913351,73898304
2022-06-25,RES,78593.828201,555064272
2022-06-26,PRO,24677.038728,73889568
2022-06-26,RES,81304.591277,555039312
2022-06-27,PRO,29876.497388,73895808
2022-06-27,RES,77517.568528,555109584
2022-06-28,PRO,31325.59409,73906752
2022-06-28,RES,75434.081685,555041712
2022-06-29,PRO,31317.072179,73909152
2022-06-29,RES,76949.514971,555057072
2022-06-30,PRO,31894.863715,73911648
2022-06-30,RES,76864.195219,555073488
2022-07-01,PRO,30849.244301,73843200
2022-07-01,RES,71967.421253,554887148
2022-07-02,PRO,27897.421844,73816512
2022-07-02,RES,73729.859777,554622188
2022-07-03,PRO,24402.821126,73817376
2022-07-03,RES,75645.910024,554568908
2022-07-04,PRO,29814.388752,73834464
2022-07-04,RES,72928.202074,554650796
2022-07-05,PRO,31816.87114,73838688
2022-07-05,RES,71735.424479,554550764
2022-07-06,PRO,31403.746553,73853376
2022-07-06,RES,72408.749087,554519276
2022-07-07,PRO,31692.29263,73850016
2022-07-07,RES,71282.685636,554493452
2022-07-08,PRO,31643.22731,73862352
2022-07-08,RES,71606.268698,554518220
2022-07-09,PRO,28464.170778,73845216
2022-07-09,RES,72850.957424,554467340
2022-07-10,PRO,24858.305334,73838544
2022-07-10,RES,73823.223534,554434312
2022-07-11,PRO,30406.309344,73847184
2022-07-11,RES,71885.260466,554487500
2022-07-12,PRO,32767.544697,73845840
2022-07-12,RES,71814.517601,554434124
2022-07-13,PRO,32985.735703,73848816
2022-07-13,RES,72365.417069,554450544
2022-07-14,PRO,26866.289397,73830288
2022-07-14,RES,74769.800661,554335152
2022-07-15,PRO,30876.908257,73835760
2022-07-15,RES,72234.728407,554399088
2022-07-16,PRO,28615.877391,73823952
2022-07-16,RES,72050.819187,554300496
2022-07-17,PRO,25301.473134,73819632
2022-07-17,RES,74415.435249,554258632
2022-07-18,PRO,31548.76241,73831440
2022-07-18,RES,75440.197469,554338756
2022-07-19,PRO,33595.735065,73826832
2022-07-19,RES,75809.603794,554317728
2022-07-20,PRO,32492.51913,73820976
2022-07-20,RES,72859.236181,554306876
2022-07-21,PRO,32179.031807,73820592
2022-07-21,RES,70901.428964,554271936
2022-07-22,PRO,31783.546403,73811280
2022-07-22,RES,70866.44407,554285472
2022-07-23,PRO,28223.920022,73792464
2022-07-23,RES,70910.600872,554222660
2022-07-24,PRO,24927.770683,73785552
2022-07-24,RES,72981.543182,554190816
2022-07-25,PRO,29810.031498,73797168
2022-07-25,RES,70498.334541,554265792
2022-07-26,PRO,30610.81589,73813776
2022-07-26,RES,67373.593333,554207036
2022-07-27,PRO,30082.253583,73821360
2022-07-27,RES,66661.325209,554211836
2022-07-28,PRO,30300.716771,73830432
2022-07-28,RES,65815.015209,554179968
2022-07-29,PRO,30064.222056,73829184
2022-07-29,RES,65567.551869,554181120
2022-07-30,PRO,27296.132167,73816896
2022-07-30,RES,67472.816601,553931424
2022-07-31,PRO,24145.167974,73807488
2022-07-31,RES,69390.729682,553796640
2022-08-01,PRO,28567.946633,73785600
2022-08-01,RES,68374.692269,553820640
2022-08-02,PRO,30301.701923,73780896
2022-08-02,RES,68168.094876,553639488
2022-08-03,PRO,30733.726436,73780128
2022-08-03,RES,69663.523024,553640732
2022-08-04,PRO,30719.053837,73775136
2022-08-04,RES,69424.935914,553592544
2022-08-05,PRO,29835.904485,73775712
2022-08-05,RES,68204.052892,553625472
2022-08-06,PRO,26753.773734,73766592
2022-08-06,RES,67571.54235,553557696
2022-08-07,PRO,23752.605269,73760256
2022-08-07,RES,67820.183174,553524480
2022-08-08,PRO,27374.398427,73772832
2022-08-08,RES,66422.43553,553626432
2022-08-09,PRO,28952.258301,73772640
2022-08-09,RES,66262.256796,553620672
2022-08-10,PRO,29225.894387,73769040
2022-08-10,RES,67161.563929,553655616
2022-08-11,PRO,29561.384942,73770096
2022-08-11,RES,67758.171747,553624992
2022-08-12,PRO,29697.194031,73772832
2022-08-12,RES,69181.415707,553658688
2022-08-13,PRO,27174.024175,73762416
2022-08-13,RES,69045.766698,553633248
2022-08-14,PRO,23728.823343,73759248
2022-08-14,RES,67246.760343,553611552
2022-08-15,PRO,23602.313261,73761264
2022-08-15,RES,66262.833179,553635936
2022-08-16,PRO,27907.435766,73767504
2022-08-16,RES,65685.670953,553698528
2022-08-17,PRO,27580.075303,73768272
2022-08-17,RES,64821.47389,553725648
2022-08-18,PRO,27556.093072,73759248
2022-08-18,RES,64209.993463,553769184
2022-08-19,PRO,27730.842935,73761648
2022-08-19,RES,64966.405682,553824960
2022-08-20,PRO,25909.026139,73755120
2022-08-20,RES,66504.16506,553826400
2022-08-21,PRO,23283.362861999998,73750704
2022-08-21,RES,68650.306393,553811904
2022-08-22,PRO,27582.960799,73758336
2022-08-22,RES,67555.788211,553925520
2022-08-23,PRO,29683.061403,73759392
2022-08-23,RES,67721.190197,553946736
2022-08-24,PRO,30253.378689,73752768
2022-08-24,RES,69546.299696,553983024
2022-08-25,PRO,30612.011746,73754400
2022-08-25,RES,69892.501254,554037744
2022-08-26,PRO,30321.071414,73752864
2022-08-26,RES,69735.216896,554098992
2022-08-27,PRO,27567.66724,73747392
2022-08-27,RES,70940.465578,554115216
2022-08-28,PRO,24394.89343,73745280
2022-08-28,RES,73617.879672,554103024
2022-08-29,PRO,29466.193462,73751760
2022-08-29,RES,72009.379366,554206992
2022-08-30,PRO,31385.326456,73766160
2022-08-30,RES,70970.162016,554241744
2022-08-31,PRO,31006.175892,73772976
2022-08-31,RES,70916.550482,554288784
2022-09-01,PRO,31628.414516,73760400
2022-09-01,RES,70397.373468,554206656
2022-09-02,PRO,31572.622664,73754352
2022-09-02,RES,69937.95286,554116896
2022-09-03,PRO,28184.134668,73753776
2022-09-03,RES,72389.050869,554160960
2022-09-04,PRO,24809.256481,73747344
2022-09-04,RES,75453.393507,554175360
2022-09-05,PRO,30707.880400000002,73755360
2022-09-05,RES,72242.562764,554288064
2022-09-06,PRO,32535.531177,73760448
2022-09-06,RES,71290.160064,554327328
2022-09-07,PRO,31626.245733,73777344
2022-09-07,RES,73004.080279,554415360
2022-09-08,PRO,31823.57466,73809312
2022-09-08,RES,70846.697773,554480160
2022-09-09,PRO,31718.218641,73822176
2022-09-09,RES,71687.99971,554609088
2022-09-10,PRO,28110.380916,73824768
2022-09-10,RES,74865.158251,554671200
2022-09-11,PRO,24727.915823,73819392
2022-09-11,RES,76974.528022,554671296
2022-09-12,PRO,30365.962709,73832928
2022-09-12,RES,73258.943327,554762496
2022-09-13,PRO,32671.08235,73860576
2022-09-13,RES,73016.064406,554792832
2022-09-14,PRO,32242.289185,73887456
2022-09-14,RES,75106.919188,554853792
2022-09-15,PRO,32483.469164,73889280
2022-09-15,RES,73372.242589,554917056
2022-09-16,PRO,32099.00263,73887744
2022-09-16,RES,73664.577849,554976768
2022-09-17,PRO,28344.993876,73887936
2022-09-17,RES,77183.858274,554997120
2022-09-18,PRO,24954.177596,73894560
2022-09-18,RES,80682.26571,555008544
2022-09-19,PRO,29995.695469,73904928
2022-09-19,RES,76250.892273,555080544
2022-09-20,PRO,31926.061837,73914768
2022-09-20,RES,75842.161255,555131616
2022-09-21,PRO,31535.066472,73936848
2022-09-21,RES,77524.841894,555183456
2022-09-22,PRO,32125.904514,73949328
2022-09-22,RES,76008.7227,555232800
2022-09-23,PRO,32330.733949,73968480
2022-09-23,RES,77056.760756,555353280
2022-09-24,PRO,28695.435661,73956096
2022-09-24,RES,81004.757954,555382464
2022-09-25,PRO,25407.863833,73955808
2022-09-25,RES,84561.49607,555390144
2022-09-26,PRO,31460.117536,73972512
2022-09-26,RES,81774.879745,555468480
2022-09-27,PRO,33600.187798,73979136
2022-09-27,RES,82248.682123,555518208
2022-09-28,PRO,33484.694087,73990848
2022-09-28,RES,84754.241218,555578976
2022-09-29,PRO,34209.089191,73980768
2022-09-29,RES,84995.271083,555635424
2022-09-30,PRO,34600.429026,73981920
2022-09-30,RES,86878.794871,555723840
